record_id	seq	source:_note	source:_mol_type	source:_country	source:_feature_id	source:_db_xref	source:_spam?	source:_specimen_voucher	source:_genus	source:_organism	source:_identified_by	source:_organelle	source:_collected_by	source:_collection_date	source:_isolation_source	source:_isolate	source:_PCR_primers	source:_lat_lon	source:_common	source:_tissue_lib	source:_original_id	source:_original_desc	taxonomy	porocalices	product	country	nuc_degen_prop	feature_id	spam?	%GC	GC_content	genus	note	prot_degen_prop	codon_start	protein_id	transl_table	db_xref	gene	translation	EC_number
KC902343.1	GTCTCA...ATTTA	PorToL ID: NCI376	genomic DNA	Australia	KC902343.1_source	taxon:1342549	[]	0M9H2022-P	Cinachyrella	Cinachyrella cf. paterifera 0M9H2022-P	null	null	null	null	null	null	null	null	null	null	null	null	Eukaryota;Metazoa;Porifera;Demospongiae;Tetractinomorpha;Spirophorida;Tetillidae;Cinachyrella	yes	small subunit 18S ribosomal RNA	Australia	0.0	KC902343.1_f0	why not	52.0833333333	52.0833333333	Cinachyrella	null	null	null	null	null	null	null	null	null
KC902290.1	TATGAA...ATTTA	PorToL ID: P79	genomic DNA	Panama: Bocas del Toro, Buoy 19	KC902290.1_source	taxon:458489	[]	USNM_1133786	Cinachyrella	Cinachyrella kuekenthali	null	null	null	null	null	null	null	null	null	null	null	null	Eukaryota;Metazoa;Porifera;Demospongiae;Tetractinomorpha;Spirophorida;Tetillidae;Cinachyrella	yes	small subunit 18S ribosomal RNA	Panama: Bocas del Toro, Buoy 19	0.000589275191514	KC902290.1_f0	null	51.9740718916	51.9740718916	Cinachyrella	null	null	null	null	null	null	null	null	null
KC902265.1	GTCTCA...ATTTA	PorToL ID: NCI353	genomic DNA	Philippines	KC902265.1_source	taxon:1342558	[]	0CDN5142-X	Craniella	Craniella sp. 0CDN5142-X	null	null	null	null	null	null	null	null	null	null	null	null	Eukaryota;Metazoa;Porifera;Demospongiae;Tetractinomorpha;Spirophorida;Tetillidae;Craniella	null	small subunit 18S ribosomal RNA	Philippines	0.0	KC902265.1_f0	null	50.7246376812	50.7246376812	Craniella	null	null	null	null	null	null	null	null	null
KC902264.1	GTCTCA...ATTTA	PorToL ID: NCI341	genomic DNA	USA	KC902264.1_source	taxon:666329	[]	0M9G1250-W	Cinachyrella	Cinachyrella alloclada	null	null	null	null	null	null	null	null	null	null	null	null	Eukaryota;Metazoa;Porifera;Demospongiae;Tetractinomorpha;Spirophorida;Tetillidae;Cinachyrella	yes	small subunit 18S ribosomal RNA	USA	0.000579038795599	KC902264.1_f0	null	51.8818760857	51.8818760857	Cinachyrella	null	null	null	null	null	null	null	null	null
KC902195.1	TTTATT...CCGTT	PorToL ID: NCI295	genomic DNA	Australia	KC902195.1_source	taxon:1199255	[]	0M9H2290-H	Paratetilla	Paratetilla bacca	null	null	null	null	null	null	null	null	null	null	null	null	Eukaryota;Metazoa;Porifera;Demospongiae;Tetractinomorpha;Spirophorida;Tetillidae;Paratetilla	null	small subunit 18S ribosomal RNA	Australia	0.000846740050804	KC902195.1_f0	null	51.566469094	51.566469094	Paratetilla	null	null	null	null	null	null	null	null	null
KC902189.1	GTCTCA...ATTTA	PorToL ID: P12x320	genomic DNA	Panama: Bocas del Toro, Dolphin Rock	KC902189.1_source	taxon:1342551	[]	USNM_1204829	Cinachyrella	Cinachyrella sp. USNM 1204829	null	null	null	null	null	null	null	null	null	null	null	null	Eukaryota;Metazoa;Porifera;Demospongiae;Tetractinomorpha;Spirophorida;Tetillidae;Cinachyrella	yes	small subunit 18S ribosomal RNA	Panama: Bocas del Toro, Dolphin Rock	0.0	KC902189.1_f0	null	51.9397799653	51.9397799653	Cinachyrella	null	null	null	null	null	null	null	null	null
KC902108.1	AGTATG...ATTTA	PorToL ID: P123	genomic DNA	Panama: Bocas del Toro, Wild Cane Cay	KC902108.1_source	taxon:666329	[]	USNM_1133831	Cinachyrella	Cinachyrella alloclada	null	null	null	null	null	null	null	null	null	null	null	null	Eukaryota;Metazoa;Porifera;Demospongiae;Tetractinomorpha;Spirophorida;Tetillidae;Cinachyrella	yes	small subunit 18S ribosomal RNA	Panama: Bocas del Toro, Wild Cane Cay	0.0	KC902108.1_f0	null	52.0894643908	52.0894643908	Cinachyrella	null	null	null	null	null	null	null	null	null
KC902033.1	TAAGCC...ATTTA	PorToL ID: NCI318	genomic DNA	American Samoa	KC902033.1_source	taxon:1342521	[]	0CDN8107-V	Acanthotetilla	Acanthotetilla cf. seychellensis 0CDN8107-V	null	null	null	null	null	null	null	null	null	null	null	null	Eukaryota;Metazoa;Porifera;Demospongiae;Tetractinomorpha;Spirophorida;Tetillidae;Acanthotetilla	null	small subunit 18S ribosomal RNA	American Samoa	0.0	KC902033.1_f0	null	52.0396270396	52.0396270396	Acanthotetilla	null	null	null	null	null	null	null	null	null
KC901899.1	GTCTCA...ATTTA	PorToL ID: P12x317	genomic DNA	Panama: Bocas del Toro, Las Cuevas	KC901899.1_source	taxon:1342550	[]	USNM_1204826	Cinachyrella	Cinachyrella sp. USNM 1204826	null	null	null	null	null	null	null	null	null	null	null	null	Eukaryota;Metazoa;Porifera;Demospongiae;Tetractinomorpha;Spirophorida;Tetillidae;Cinachyrella	yes	small subunit 18S ribosomal RNA	Panama: Bocas del Toro, Las Cuevas	0.0	KC901899.1_f0	null	51.9397799653	51.9397799653	Cinachyrella	null	null	null	null	null	null	null	null	null
JX177987.1	TCATAT...GTATG	authority: Craniella cranium (Mueller, 1776)	genomic DNA	Norway	JX177987.1_source	taxon:1006792	[]	ZMBN_85239	Craniella	Craniella cranium	Paco Cardenas & Hans Tore Rap	null	null	null	null	null	null	null	null	null	null	null	Eukaryota;Metazoa;Porifera;Demospongiae;Tetractinomorpha;Spirophorida;Tetillidae;Craniella	null	18S ribosomal RNA	Norway	0.000902527075812	JX177987.1_f0	null	49.9097472924	49.9097472924	Craniella	null	null	null	null	null	null	null	null	null
JX177986.1	TCGTTT...CTTTG	authority: Craniella zetlandica (Carter, 1872)	genomic DNA	Iceland	JX177986.1_source	taxon:885873	[]	VM_14754	Craniella	Craniella zetlandica	Paco Cardenas & Hans Tore Rap	null	null	null	null	null	null	null	null	null	null	null	Eukaryota;Metazoa;Porifera;Demospongiae;Tetractinomorpha;Spirophorida;Tetillidae;Craniella	null	18S ribosomal RNA	Iceland	0.00065963060686	JX177986.1_f0	null	52.1767810026	52.1767810026	Craniella	null	null	null	null	null	null	null	null	null
JX177985.1	TCGTTT...AACAA	null	genomic DNA	Australia	JX177985.1_source	taxon:885875	[]	QMG_318785	Craniella	Craniella sp. 3318	Hooper, John	null	null	null	null	null	null	null	null	null	null	null	Eukaryota;Metazoa;Porifera;Demospongiae;Tetractinomorpha;Spirophorida;Tetillidae;Craniella	null	18S ribosomal RNA	Australia	0.0	JX177985.1_f0	null	50.487804878	50.487804878	Craniella	null	null	null	null	null	null	null	null	null
JX177984.1	TTTATT...GCCCG	authority: Craniella neocaledoniae Levi & Levi, 1983	genomic DNA	New Zealand	JX177984.1_source	taxon:1199253	[]	NIWA_28591	Craniella	Craniella neocaledoniae	Kelly, Michelle	null	null	null	null	null	null	null	null	null	null	null	Eukaryota;Metazoa;Porifera;Demospongiae;Tetractinomorpha;Spirophorida;Tetillidae;Craniella	null	18S ribosomal RNA	New Zealand	0.0	JX177984.1_f0	null	51.8806744488	51.8806744488	Craniella	null	null	null	null	null	null	null	null	null
JX177983.1	AAAGCC...TTAGA	null	genomic DNA	Australia	JX177983.1_source	taxon:885876	[]	QMG_316342	Craniella	Craniella sp. 3878	Hooper, John	null	null	null	null	null	null	null	null	null	null	null	Eukaryota;Metazoa;Porifera;Demospongiae;Tetractinomorpha;Spirophorida;Tetillidae;Craniella	null	18S ribosomal RNA	Australia	0.0	JX177983.1_f0	null	50.9895227008	50.9895227008	Craniella	null	null	null	null	null	null	null	null	null
JX177982.1	CGTTTT...CGCCC	authority: Craniella cf. leptoderma AS-2012 Kirkpatrick, 1908	genomic DNA	New Zealand	JX177982.1_source	taxon:1200910	[]	NIWA_28910	Craniella	Craniella cf. leptoderma AS-2012	Kelly, Michelle	null	null	null	null	null	null	null	null	null	null	null	Eukaryota;Metazoa;Porifera;Demospongiae;Tetractinomorpha;Spirophorida;Tetillidae;Craniella	null	18S ribosomal RNA	New Zealand	0.0	JX177982.1_f0	null	51.7354289456	51.7354289456	Craniella	null	null	null	null	null	null	null	null	null
JX177981.1	TACATG...GCCCG	authority: Craniella sagitta (Lendenfeld, 1907)	genomic DNA	New Zealand	JX177981.1_source	taxon:1199254	[]	NIWA_25206	Craniella	Craniella sagitta	Kelly, Michelle	null	null	null	null	null	null	null	null	null	null	null	Eukaryota;Metazoa;Porifera;Demospongiae;Tetractinomorpha;Spirophorida;Tetillidae;Craniella	null	18S ribosomal RNA	New Zealand	0.0	JX177981.1_f0	null	51.9736842105	51.9736842105	Craniella	null	null	null	null	null	null	null	null	null
JX177980.1	TTTATT...GCCCG	null	genomic DNA	New Zealand	JX177980.1_source	taxon:1199266	[]	NIWA_28617	Fangophilina	Fangophilina sp. MK-2012	Kelly, Michelle	null	null	null	null	null	null	null	null	null	null	null	Eukaryota;Metazoa;Porifera;Demospongiae;Tetractinomorpha;Spirophorida;Tetillidae;Fangophilina	null	18S ribosomal RNA	New Zealand	0.0	JX177980.1_f0	null	51.6547696301	51.6547696301	Fangophilina	null	null	null	null	null	null	null	null	null
JX177979.1	TTTATT...GCCCG	null	genomic DNA	New Zealand	JX177979.1_source	taxon:1199266	[]	NIWA_28601	Fangophilina	Fangophilina sp. MK-2012	Kelly, Michelle	null	null	null	null	null	null	null	null	null	null	null	Eukaryota;Metazoa;Porifera;Demospongiae;Tetractinomorpha;Spirophorida;Tetillidae;Fangophilina	null	18S ribosomal RNA	New Zealand	0.0	JX177979.1_f0	null	51.6547696301	51.6547696301	Fangophilina	null	null	null	null	null	null	null	null	null
JX177978.1	TTTATT...GCCCG	null	genomic DNA	New Zealand	JX177978.1_source	taxon:1199266	[]	NIWA_28586	Fangophilina	Fangophilina sp. MK-2012	Kelly, Michelle	null	null	null	null	null	null	null	null	null	null	null	Eukaryota;Metazoa;Porifera;Demospongiae;Tetractinomorpha;Spirophorida;Tetillidae;Fangophilina	null	18S ribosomal RNA	New Zealand	0.0	JX177978.1_f0	null	51.6547696301	51.6547696301	Fangophilina	null	null	null	null	null	null	null	null	null
JX177976.1	TTTATT...GCCCG	authority: Craniella cf. leptoderma AS-2012 Kirkpatrick, 1908	genomic DNA	New Zealand	JX177976.1_source	taxon:1200910	[]	NIWA_28524	Craniella	Craniella cf. leptoderma AS-2012	Kelly, Michelle	null	null	null	null	null	null	null	null	null	null	null	Eukaryota;Metazoa;Porifera;Demospongiae;Tetractinomorpha;Spirophorida;Tetillidae;Craniella	null	18S ribosomal RNA	New Zealand	0.0	JX177976.1_f0	null	51.5249837768	51.5249837768	Craniella	null	null	null	null	null	null	null	null	null
JX177975.1	TTTATT...GCCCG	authority: Craniella cf. leptoderma AS-2012 Kirkpatrick, 1908	genomic DNA	New Zealand	JX177975.1_source	taxon:1200910	[]	NIWA_28507	Craniella	Craniella cf. leptoderma AS-2012	Kelly, Michelle	null	null	null	null	null	null	null	null	null	null	null	Eukaryota;Metazoa;Porifera;Demospongiae;Tetractinomorpha;Spirophorida;Tetillidae;Craniella	null	18S ribosomal RNA	New Zealand	0.0	JX177975.1_f0	null	51.5249837768	51.5249837768	Craniella	null	null	null	null	null	null	null	null	null
JX177974.1	TAAGCC...GACAA	authority: Craniella cf. leptoderma AS-2012 Kirkpatrick, 1908	genomic DNA	Australia	JX177974.1_source	taxon:1200910	[]	QMG_315031	Craniella	Craniella cf. leptoderma AS-2012	Hooper, John	null	null	null	null	null	null	null	null	null	null	null	Eukaryota;Metazoa;Porifera;Demospongiae;Tetractinomorpha;Spirophorida;Tetillidae;Craniella	null	18S ribosomal RNA	Australia	0.0	JX177974.1_f0	null	49.7424576895	49.7424576895	Craniella	null	null	null	null	null	null	null	null	null
JX177973.1	CATGGA...GACAA	authority: Cinachyrella schulzei (Keller, 1891)	genomic DNA	Australia	JX177973.1_source	taxon:885871	[]	QMG_320143	Cinachyrella	Cinachyrella schulzei	Hooper, John	null	null	null	null	null	null	null	null	null	null	null	Eukaryota;Metazoa;Porifera;Demospongiae;Tetractinomorpha;Spirophorida;Tetillidae;Cinachyrella	yes	18S ribosomal RNA	Australia	0.0	JX177973.1_f0	null	52.1739130435	52.1739130435	Cinachyrella	null	null	null	null	null	null	null	null	null
JX177972.1	ACTAAG...CTTTT	authority: Paratetilla bacca Wilson, 1925	genomic DNA	Indonesia	JX177972.1_source	taxon:1199255	[]	LB_671	Paratetilla	Paratetilla bacca	Becking, L.	null	null	null	null	null	null	null	null	null	null	null	Eukaryota;Metazoa;Porifera;Demospongiae;Tetractinomorpha;Spirophorida;Tetillidae;Paratetilla	null	18S ribosomal RNA	Indonesia	0.0	JX177972.1_f0	null	51.9050593379	51.9050593379	Paratetilla	null	null	null	null	null	null	null	null	null
JX177971.1	ATAAGC...TTTAG	authority: Cinachyrella schulzei (Keller, 1891)	genomic DNA	Australia	JX177971.1_source	taxon:885871	[]	QMG_320636	Cinachyrella	Cinachyrella schulzei	Hooper, John	null	null	null	null	null	null	null	null	null	null	null	Eukaryota;Metazoa;Porifera;Demospongiae;Tetractinomorpha;Spirophorida;Tetillidae;Cinachyrella	yes	18S ribosomal RNA	Australia	0.0	JX177971.1_f0	null	52.123327516	52.123327516	Cinachyrella	null	null	null	null	null	null	null	null	null
JX177970.1	CCATGC...TTAGA	authority: Cinachyrella levantinensis Vacelet, Bitar, Carteron, Zibrowius & Perez, 2007	genomic DNA	Israel	JX177970.1_source	taxon:878253	[]	TAU_25529	Cinachyrella	Cinachyrella levantinensis	Ilan, Micha	null	null	null	null	null	null	null	null	null	null	null	Eukaryota;Metazoa;Porifera;Demospongiae;Tetractinomorpha;Spirophorida;Tetillidae;Cinachyrella	yes	18S ribosomal RNA	Israel	0.0	JX177970.1_f0	null	51.9556333917	51.9556333917	Cinachyrella	null	null	null	null	null	null	null	null	null
JX177969.1	AAAGCC...TTTAG	authority: Cinachyrella levantinensis Vacelet, Bitar, Carteron, Zibrowius & Perez, 2007	genomic DNA	Israel	JX177969.1_source	taxon:878253	[]	TAU_25568	Cinachyrella	Cinachyrella levantinensis	Ilan, Micha	null	null	null	null	null	null	null	null	null	null	null	Eukaryota;Metazoa;Porifera;Demospongiae;Tetractinomorpha;Spirophorida;Tetillidae;Cinachyrella	yes	18S ribosomal RNA	Israel	0.0	JX177969.1_f0	null	51.9230769231	51.9230769231	Cinachyrella	null	null	null	null	null	null	null	null	null
JX177968.1	TACTGT...ATTTC	authority: Cinachyrella australiensis (Carter, 1886)	genomic DNA	Australia	JX177968.1_source	taxon:885870	[]	QMG_320656	Cinachyrella	Cinachyrella australiensis	Hooper, John	null	null	null	null	null	null	null	null	null	null	null	Eukaryota;Metazoa;Porifera;Demospongiae;Tetractinomorpha;Spirophorida;Tetillidae;Cinachyrella	yes	18S ribosomal RNA	Australia	0.0	JX177968.1_f0	null	52.4441762221	52.4441762221	Cinachyrella	null	null	null	null	null	null	null	null	null
JX177967.1	AAGCCA...TTTAG	authority: Cinachyrella australiensis (Carter, 1886)	genomic DNA	Australia	JX177967.1_source	taxon:885870	[]	QMG_320656	Cinachyrella	Cinachyrella australiensis	Hooper, John	null	null	null	null	null	null	null	null	null	null	null	Eukaryota;Metazoa;Porifera;Demospongiae;Tetractinomorpha;Spirophorida;Tetillidae;Cinachyrella	yes	18S ribosomal RNA	Australia	0.0	JX177967.1_f0	null	52.0979020979	52.0979020979	Cinachyrella	null	null	null	null	null	null	null	null	null
JX177966.1	AAATCA...GATTT	authority: Cinachyrella australiensis (Carter, 1886)	genomic DNA	Australia	JX177966.1_source	taxon:885870	[]	QMG_320216	Cinachyrella	Cinachyrella australiensis	Hooper, John	null	null	null	null	null	null	null	null	null	null	null	Eukaryota;Metazoa;Porifera;Demospongiae;Tetractinomorpha;Spirophorida;Tetillidae;Cinachyrella	yes	18S ribosomal RNA	Australia	0.0	JX177966.1_f0	null	52.5766871166	52.5766871166	Cinachyrella	null	null	null	null	null	null	null	null	null
JX177965.1	GTAATT...GCCCT	authority: Cinachyrella alloclada (Uliczka, 1929)	genomic DNA	Panama	JX177965.1_source	taxon:666329	[]	DH_S271	Cinachyrella	Cinachyrella alloclada	Ilan, Micha	null	null	null	null	null	null	null	null	null	null	null	Eukaryota;Metazoa;Porifera;Demospongiae;Tetractinomorpha;Spirophorida;Tetillidae;Cinachyrella	yes	18S ribosomal RNA	Panama	0.0	JX177965.1_f0	null	52.7553763441	52.7553763441	Cinachyrella	null	null	null	null	null	null	null	null	null
JX177964.1	CTTGCT...TTACG	null	genomic DNA	Tanzania	JX177964.1_source	taxon:1199258	[]	MI_M728	Cinachyrella	Cinachyrella sp. MI-2012	Ilan, Micha	null	null	null	null	null	null	null	null	null	null	null	Eukaryota;Metazoa;Porifera;Demospongiae;Tetractinomorpha;Spirophorida;Tetillidae;Cinachyrella	yes	18S ribosomal RNA	Tanzania	0.0	JX177964.1_f0	null	52.5016677785	52.5016677785	Cinachyrella	null	null	null	null	null	null	null	null	null
JX177963.1	CTGCGA...AATGG	null	genomic DNA	Australia	JX177963.1_source	taxon:885874	[]	QMG_320270	Cinachyrella	Cinachyrella sp. 3473	Hooper, John	null	null	null	null	null	null	null	null	null	null	null	Eukaryota;Metazoa;Porifera;Demospongiae;Tetractinomorpha;Spirophorida;Tetillidae;Cinachyrella	yes	18S ribosomal RNA	Australia	0.0	JX177963.1_f0	null	52.1383647799	52.1383647799	Cinachyrella	null	null	null	null	null	null	null	null	null
JX177962.1	GGATAA...CTGCC	null	genomic DNA	Tanzania	JX177962.1_source	taxon:1199258	[]	MI_M761	Cinachyrella	Cinachyrella sp. MI-2012	Ilan, Micha	null	null	null	null	null	null	null	null	null	null	null	Eukaryota;Metazoa;Porifera;Demospongiae;Tetractinomorpha;Spirophorida;Tetillidae;Cinachyrella	yes	18S ribosomal RNA	Tanzania	0.0	JX177962.1_f0	null	52.7054108216	52.7054108216	Cinachyrella	null	null	null	null	null	null	null	null	null
JX177961.1	GTCTAA...TCGAA	authority: Tetilla japonica Lampe, 1886	genomic DNA	Thailand	JX177961.1_source	taxon:29776	[]	SP_DH_S192	Tetilla	Tetilla japonica	Putchakarn, Sumait	null	null	null	null	null	null	null	null	null	null	null	Eukaryota;Metazoa;Porifera;Demospongiae;Tetractinomorpha;Spirophorida;Tetillidae;Tetilla	null	18S ribosomal RNA	Thailand	0.0	JX177961.1_f0	null	50.9174311927	50.9174311927	Tetilla	null	null	null	null	null	null	null	null	null
JX177960.1	AGGGTG...TTCGA	authority: Craniella zetlandica (Carter, 1872)	genomic DNA	Iceland	JX177960.1_source	taxon:885873	[]	VM_14754	Craniella	Craniella zetlandica	Paco Cardenas & Hans Tore Rap	null	null	null	null	null	null	null	null	null	null	null	Eukaryota;Metazoa;Porifera;Demospongiae;Tetractinomorpha;Spirophorida;Tetillidae;Craniella	null	28S ribosomal RNA	Iceland	0.0	JX177960.1_f0	null	67.6291793313	67.6291793313	Craniella	C1-D2 region	null	null	null	null	null	null	null	null
JX177959.1	GAAGAG...ACTGC	authority: Craniella cranium (Mueller, 1776)	genomic DNA	Norway	JX177959.1_source	taxon:1006792	[]	ZMBN_85239	Craniella	Craniella cranium	Paco Cardenas & Hans Tore Rap	null	null	null	null	null	null	null	null	null	null	null	Eukaryota;Metazoa;Porifera;Demospongiae;Tetractinomorpha;Spirophorida;Tetillidae;Craniella	null	28S ribosomal RNA	Norway	0.0	JX177959.1_f0	null	66.8965517241	66.8965517241	Craniella	C1-D2 region	null	null	null	null	null	null	null	null
JX177958.1	AGGGTG...GTGCC	authority: Tetilla muricyi Fernandez, Peixinho, Pinheiro & Menegola, 2011	genomic DNA	Brazil	JX177958.1_source	taxon:1199256	[]	UFBA_2586_POR	Tetilla	Tetilla muricyi	Fernandez, Julio C. C.	null	null	null	null	null	null	null	null	null	null	null	Eukaryota;Metazoa;Porifera;Demospongiae;Tetractinomorpha;Spirophorida;Tetillidae;Tetilla	null	28S ribosomal RNA	Brazil	0.00355239786856	JX177958.1_f0	null	66.0746003552	66.0746003552	Tetilla	C1-D2 region	null	null	null	null	null	null	null	null
JX177957.1	ATCAAT...TTCGA	authority: Tetilla radiata Selenka, 1879	genomic DNA	Brazil	JX177957.1_source	taxon:624303	[]	NMRJ_576	Tetilla	Tetilla radiata	Hajdu, E.	null	null	null	null	null	null	null	null	null	null	null	Eukaryota;Metazoa;Porifera;Demospongiae;Tetractinomorpha;Spirophorida;Tetillidae;Tetilla	null	28S ribosomal RNA	Brazil	0.0	JX177957.1_f0	null	62.5609756098	62.5609756098	Tetilla	C1-D2 region	null	null	null	null	null	null	null	null
JX177956.1	AATAAG...AGCCT	authority: Tetilla japonica Lampe, 1886	genomic DNA	Thailand	JX177956.1_source	taxon:29776	[]	SP_DH_S192	Tetilla	Tetilla japonica	Putchakarn, Sumait	null	null	null	null	null	null	null	null	null	null	null	Eukaryota;Metazoa;Porifera;Demospongiae;Tetractinomorpha;Spirophorida;Tetillidae;Tetilla	null	28S ribosomal RNA	Thailand	0.0	JX177956.1_f0	null	60.9308885755	60.9308885755	Tetilla	C1-D2 region	null	null	null	null	null	null	null	null
JX177955.1	ATCAAT...TTCGA	null	genomic DNA	Australia	JX177955.1_source	taxon:885876	[]	QMG_316342	Craniella	Craniella sp. 3878	Hooper, John	null	null	null	null	null	null	null	null	null	null	null	Eukaryota;Metazoa;Porifera;Demospongiae;Tetractinomorpha;Spirophorida;Tetillidae;Craniella	null	28S ribosomal RNA	Australia	0.00245098039216	JX177955.1_f0	null	61.0294117647	61.0294117647	Craniella	C1-D2 region	null	null	null	null	null	null	null	null
JX177954.1	CCCAGT...AGGCA	null	genomic DNA	New Zealand	JX177954.1_source	taxon:1199266	[]	NIWA_28601	Fangophilina	Fangophilina sp. MK-2012	Kelly, Michelle	null	null	null	null	null	null	null	null	null	null	null	Eukaryota;Metazoa;Porifera;Demospongiae;Tetractinomorpha;Spirophorida;Tetillidae;Fangophilina	null	28S ribosomal RNA	New Zealand	0.0	JX177954.1_f0	null	59.9690880989	59.9690880989	Fangophilina	C1-D2 region	null	null	null	null	null	null	null	null
JX177953.1	CCCAGT...TTCGA	null	genomic DNA	New Zealand	JX177953.1_source	taxon:1199266	[]	NIWA_28586	Fangophilina	Fangophilina sp. MK-2012	Kelly, Michelle	null	null	null	null	null	null	null	null	null	null	null	Eukaryota;Metazoa;Porifera;Demospongiae;Tetractinomorpha;Spirophorida;Tetillidae;Fangophilina	null	28S ribosomal RNA	New Zealand	0.0	JX177953.1_f0	null	61.2820512821	61.2820512821	Fangophilina	C1-D2 region	null	null	null	null	null	null	null	null
JX177952.1	CGGGAA...TTCGA	null	genomic DNA	New Zealand	JX177952.1_source	taxon:1199266	[]	NIWA_28614	Fangophilina	Fangophilina sp. MK-2012	Kelly, Michelle	null	null	null	null	null	null	null	null	null	null	null	Eukaryota;Metazoa;Porifera;Demospongiae;Tetractinomorpha;Spirophorida;Tetillidae;Fangophilina	null	28S ribosomal RNA	New Zealand	0.0	JX177952.1_f0	null	61.1842105263	61.1842105263	Fangophilina	C1-D2 region	null	null	null	null	null	null	null	null
JX177951.1	CCCCAG...TTCGA	authority: Craniella sagitta (Lendenfeld, 1907)	genomic DNA	New Zealand	JX177951.1_source	taxon:1199254	[]	NIWA_28929	Craniella	Craniella sagitta	Kelly, Michelle	null	null	null	null	null	null	null	null	null	null	null	Eukaryota;Metazoa;Porifera;Demospongiae;Tetractinomorpha;Spirophorida;Tetillidae;Craniella	null	28S ribosomal RNA	New Zealand	0.0	JX177951.1_f0	null	62.6923076923	62.6923076923	Craniella	C1-D2 region	null	null	null	null	null	null	null	null
JX177948.1	CCCCAG...TTCGA	authority: Craniella cf. leptoderma AS-2012 Kirkpatrick, 1908	genomic DNA	New Zealand	JX177948.1_source	taxon:1200910	[]	NIWA_52077	Craniella	Craniella cf. leptoderma AS-2012	Kelly, Michelle	null	null	null	null	null	null	null	null	null	null	null	Eukaryota;Metazoa;Porifera;Demospongiae;Tetractinomorpha;Spirophorida;Tetillidae;Craniella	null	28S ribosomal RNA	New Zealand	0.143405889885	JX177948.1_f0	null	53.9052496799	53.9052496799	Craniella	C1-D2 region	null	null	null	null	null	null	null	null
JX177947.1	ATTCCC...GGGCC	authority: Craniella cf. leptoderma AS-2012 Kirkpatrick, 1908	genomic DNA	New Zealand	JX177947.1_source	taxon:1200910	[]	NIWA_27816	Craniella	Craniella cf. leptoderma AS-2012	Kelly, Michelle	null	null	null	null	null	null	null	null	null	null	null	Eukaryota;Metazoa;Porifera;Demospongiae;Tetractinomorpha;Spirophorida;Tetillidae;Craniella	null	28S ribosomal RNA	New Zealand	0.0	JX177947.1_f0	null	62.3076923077	62.3076923077	Craniella	C1-D2 region	null	null	null	null	null	null	null	null
JX177946.1	CCCAGT...TTCGA	authority: Craniella cf. leptoderma AS-2012 Kirkpatrick, 1908	genomic DNA	New Zealand	JX177946.1_source	taxon:1200910	[]	NIWA_28496	Craniella	Craniella cf. leptoderma AS-2012	Kelly, Michelle	null	null	null	null	null	null	null	null	null	null	null	Eukaryota;Metazoa;Porifera;Demospongiae;Tetractinomorpha;Spirophorida;Tetillidae;Craniella	null	28S ribosomal RNA	New Zealand	0.0	JX177946.1_f0	null	64.1025641026	64.1025641026	Craniella	C1-D2 region	null	null	null	null	null	null	null	null
JX177945.1	CCCAGT...GCGAG	authority: Craniella cf. leptoderma AS-2012 Kirkpatrick, 1908	genomic DNA	New Zealand	JX177945.1_source	taxon:1200910	[]	NIWA_28524	Craniella	Craniella cf. leptoderma AS-2012	Kelly, Michelle	null	null	null	null	null	null	null	null	null	null	null	Eukaryota;Metazoa;Porifera;Demospongiae;Tetractinomorpha;Spirophorida;Tetillidae;Craniella	null	28S ribosomal RNA	New Zealand	0.0	JX177945.1_f0	null	64.0891218873	64.0891218873	Craniella	C1-D2 region	null	null	null	null	null	null	null	null
JX177944.1	CCCCAG...TTCGA	authority: Craniella cf. leptoderma AS-2012 Kirkpatrick, 1908	genomic DNA	New Zealand	JX177944.1_source	taxon:1200910	[]	NIWA_36097	Craniella	Craniella cf. leptoderma AS-2012	Kelly, Michelle	null	null	null	null	null	null	null	null	null	null	null	Eukaryota;Metazoa;Porifera;Demospongiae;Tetractinomorpha;Spirophorida;Tetillidae;Craniella	null	28S ribosomal RNA	New Zealand	0.0	JX177944.1_f0	null	63.5897435897	63.5897435897	Craniella	C1-D2 region	null	null	null	null	null	null	null	null
JX177943.1	CCCAGT...GAGCC	authority: Craniella cf. leptoderma AS-2012 Kirkpatrick, 1908	genomic DNA	New Zealand	JX177943.1_source	taxon:1200910	[]	NIWA_28507	Craniella	Craniella cf. leptoderma AS-2012	Kelly, Michelle	null	null	null	null	null	null	null	null	null	null	null	Eukaryota;Metazoa;Porifera;Demospongiae;Tetractinomorpha;Spirophorida;Tetillidae;Craniella	null	28S ribosomal RNA	New Zealand	0.0	JX177943.1_f0	null	63.8743455497	63.8743455497	Craniella	C1-D2 region	null	null	null	null	null	null	null	null
JX177942.1	ATCAAT...TTCGA	authority: Craniella cf. leptoderma AS-2012 Kirkpatrick, 1908	genomic DNA	Australia	JX177942.1_source	taxon:1200910	[]	QMG_315031	Craniella	Craniella cf. leptoderma AS-2012	Hooper, John	null	null	null	null	null	null	null	null	null	null	null	Eukaryota;Metazoa;Porifera;Demospongiae;Tetractinomorpha;Spirophorida;Tetillidae;Craniella	null	28S ribosomal RNA	Australia	0.0	JX177942.1_f0	null	62.8676470588	62.8676470588	Craniella	C1-D2 region	null	null	null	null	null	null	null	null
JX177941.1	AAGAGC...TTCGA	authority: Cinachyrella levantinensis Vacelet, Bitar, Carteron, Zibrowius & Perez, 2007	genomic DNA	Lebanon	JX177941.1_source	taxon:878253	[]	MHNM_16194	Cinachyrella	Cinachyrella levantinensis	Vacelet, Jean	null	null	null	null	null	null	null	null	null	null	null	Eukaryota;Metazoa;Porifera;Demospongiae;Tetractinomorpha;Spirophorida;Tetillidae;Cinachyrella	yes	28S ribosomal RNA	Lebanon	0.0	JX177941.1_f0	null	66.958698373	66.958698373	Cinachyrella	C1-D2 region	null	null	null	null	null	null	null	null
JX177940.1	AGAGCA...GGCGA	authority: Cinachyrella levantinensis Vacelet, Bitar, Carteron, Zibrowius & Perez, 2007	genomic DNA	Israel	JX177940.1_source	taxon:878253	[]	TAU_25568	Cinachyrella	Cinachyrella levantinensis	Ilan, Micha	null	null	null	null	null	null	null	null	null	null	null	Eukaryota;Metazoa;Porifera;Demospongiae;Tetractinomorpha;Spirophorida;Tetillidae;Cinachyrella	yes	28S ribosomal RNA	Israel	0.0	JX177940.1_f0	null	64.380952381	64.380952381	Cinachyrella	C1-D2 region	null	null	null	null	null	null	null	null
JX177939.1	AGAGCA...TTCGA	authority: Cinachyrella levantinensis Vacelet, Bitar, Carteron, Zibrowius & Perez, 2007	genomic DNA	Israel	JX177939.1_source	taxon:878253	[]	TAU_25529	Cinachyrella	Cinachyrella levantinensis	Ilan, Micha	null	null	null	null	null	null	null	null	null	null	null	Eukaryota;Metazoa;Porifera;Demospongiae;Tetractinomorpha;Spirophorida;Tetillidae;Cinachyrella	yes	28S ribosomal RNA	Israel	0.0	JX177939.1_f0	null	67.0012547051	67.0012547051	Cinachyrella	C1-D2 region	null	null	null	null	null	null	null	null
JX177938.1	AGAGCA...TTCGA	authority: Cinachyrella levantinensis Vacelet, Bitar, Carteron, Zibrowius & Perez, 2007	genomic DNA	Israel	JX177938.1_source	taxon:878253	[]	DH_S124	Cinachyrella	Cinachyrella levantinensis	Ilan, Micha	null	null	null	null	null	null	null	null	null	null	null	Eukaryota;Metazoa;Porifera;Demospongiae;Tetractinomorpha;Spirophorida;Tetillidae;Cinachyrella	yes	28S ribosomal RNA	Israel	0.00501882057716	JX177938.1_f0	null	66.7503136763	66.7503136763	Cinachyrella	C1-D2 region	null	null	null	null	null	null	null	null
JX177937.1	ATTCCC...GCGAG	authority: Cinachyrella australiensis (Carter, 1886)	genomic DNA	Indonesia	JX177937.1_source	taxon:885870	[]	LB_647	Cinachyrella	Cinachyrella australiensis	Becking, L.	null	null	null	null	null	null	null	null	null	null	null	Eukaryota;Metazoa;Porifera;Demospongiae;Tetractinomorpha;Spirophorida;Tetillidae;Cinachyrella	yes	28S ribosomal RNA	Indonesia	0.0	JX177937.1_f0	null	62.4266144814	62.4266144814	Cinachyrella	C1-D2 region	null	null	null	null	null	null	null	null
JX177936.1	CCCCAG...CCGTT	authority: Cinachyrella paterifera (Wilson, 1925)	genomic DNA	Indonesia	JX177936.1_source	taxon:1199252	[]	LB_113	Cinachyrella	Cinachyrella paterifera	Becking, L.	null	null	null	null	null	null	null	null	null	null	null	Eukaryota;Metazoa;Porifera;Demospongiae;Tetractinomorpha;Spirophorida;Tetillidae;Cinachyrella	yes	28S ribosomal RNA	Indonesia	0.00149925037481	JX177936.1_f0	null	65.8170914543	65.8170914543	Cinachyrella	C1-D2 region	null	null	null	null	null	null	null	null
JX177935.1	AGAGCA...TTCGA	authority: Cinachyrella alloclada (Uliczka, 1929)	genomic DNA	Panama	JX177935.1_source	taxon:666329	[]	DH_S271	Cinachyrella	Cinachyrella alloclada	Ilan, Micha	null	null	null	null	null	null	null	null	null	null	null	Eukaryota;Metazoa;Porifera;Demospongiae;Tetractinomorpha;Spirophorida;Tetillidae;Cinachyrella	yes	28S ribosomal RNA	Panama	0.0	JX177935.1_f0	null	65.543071161	65.543071161	Cinachyrella	C1-D2 region	null	null	null	null	null	null	null	null
JX177934.1	CCCCAG...GGACG	authority: Cinachyrella anomala (Dendy, 1905)	genomic DNA	Indonesia	JX177934.1_source	taxon:1199251	[]	LB_45	Cinachyrella	Cinachyrella anomala	Becking, L.	null	null	null	null	null	null	null	null	null	null	null	Eukaryota;Metazoa;Porifera;Demospongiae;Tetractinomorpha;Spirophorida;Tetillidae;Cinachyrella	yes	28S ribosomal RNA	Indonesia	0.0	JX177934.1_f0	null	63.6186770428	63.6186770428	Cinachyrella	C1-D2 region	null	null	null	null	null	null	null	null
JX177933.1	CAGGAT...GAGCC	authority: Cinachyrella anomala (Dendy, 1905)	genomic DNA	Indonesia	JX177933.1_source	taxon:1199251	[]	LB_1756	Cinachyrella	Cinachyrella anomala	Becking, L.	null	null	null	null	null	null	null	null	null	null	null	Eukaryota;Metazoa;Porifera;Demospongiae;Tetractinomorpha;Spirophorida;Tetillidae;Cinachyrella	yes	28S ribosomal RNA	Indonesia	0.0	JX177933.1_f0	why not	66.4948453608	66.4948453608	Cinachyrella	C1-D2 region	null	null	null	null	null	null	null	null
JX177932.1	AGAGCA...TTCGA	authority: Cinachyrella australiensis (Carter, 1886)	genomic DNA	Australia	JX177932.1_source	taxon:885870	[]	LB_817	Cinachyrella	Cinachyrella australiensis	Becking, L.	null	null	null	null	null	null	null	null	null	null	null	Eukaryota;Metazoa;Porifera;Demospongiae;Tetractinomorpha;Spirophorida;Tetillidae;Cinachyrella	yes	28S ribosomal RNA	Australia	0.0	JX177932.1_f0	null	65.4702970297	65.4702970297	Cinachyrella	C1-D2 region	null	null	null	null	null	null	null	null
JX177931.1	AGAGCA...TTCGA	null	genomic DNA	Australia	JX177931.1_source	taxon:885874	[]	QMG_320270	Cinachyrella	Cinachyrella sp. 3473	Hooper, John	null	null	null	null	null	null	null	null	null	null	null	Eukaryota;Metazoa;Porifera;Demospongiae;Tetractinomorpha;Spirophorida;Tetillidae;Cinachyrella	yes	28S ribosomal RNA	Australia	0.0	JX177931.1_f0	null	65.4702970297	65.4702970297	Cinachyrella	C1-D2 region	null	null	null	null	null	null	null	null
JX177930.1	ATCAAT...GCGGA	authority: Cinachyrella australiensis (Carter, 1886)	genomic DNA	Australia	JX177930.1_source	taxon:885870	[]	QMG_321405	Cinachyrella	Cinachyrella australiensis	Hooper, John	null	null	null	null	null	null	null	null	null	null	null	Eukaryota;Metazoa;Porifera;Demospongiae;Tetractinomorpha;Spirophorida;Tetillidae;Cinachyrella	yes	28S ribosomal RNA	Australia	0.00416666666667	JX177930.1_f0	null	58.9583333333	58.9583333333	Cinachyrella	C1-D2 region	null	null	null	null	null	null	null	null
JX177929.1	AAAGCA...TTCGA	null	genomic DNA	Australia	JX177929.1_source	taxon:1200911	[]	SAM_S1189	Amphitethya	Amphitethya cf. microsigma AS-2012	Sorokin, S.	null	null	null	null	null	null	null	null	null	null	null	Eukaryota;Metazoa;Porifera;Demospongiae;Tetractinomorpha;Spirophorida;Tetillidae;Amphitethya	null	28S ribosomal RNA	Australia	0.00870646766169	JX177929.1_f0	null	65.2985074627	65.2985074627	Amphitethya	C1-D2 region	null	null	null	null	null	null	null	null
JX177928.1	CCCCAG...CCGGC	authority: Cinachyrella australiensis (Carter, 1886)	genomic DNA	Indonesia	JX177928.1_source	taxon:885870	[]	LB_664	Cinachyrella	Cinachyrella australiensis	Becking, L.	null	null	null	null	null	null	null	null	null	null	null	Eukaryota;Metazoa;Porifera;Demospongiae;Tetractinomorpha;Spirophorida;Tetillidae;Cinachyrella	yes	28S ribosomal RNA	Indonesia	0.0	JX177928.1_f0	null	63.6217948718	63.6217948718	Cinachyrella	C1-D2 region	null	null	null	null	null	null	null	null
JX177927.1	TTCCCC...CCGTT	null	genomic DNA	Singapore	JX177927.1_source	taxon:1199259	[]	QMG_306342	Paratetilla	Paratetilla sp. 2209	Hooper, John	null	null	null	null	null	null	null	null	null	null	null	Eukaryota;Metazoa;Porifera;Demospongiae;Tetractinomorpha;Spirophorida;Tetillidae;Paratetilla	null	28S ribosomal RNA	Singapore	0.0	JX177927.1_f0	null	65.0224215247	65.0224215247	Paratetilla	C1-D2 region	null	null	null	null	null	null	null	null
JX177926.1	GGTGAT...GCTTA	authority: Paratetilla bacca (Selenka, 1867)	genomic DNA	Thailand	JX177926.1_source	taxon:1199255	[]	SP_DH_S193	Paratetilla	Paratetilla bacca	Putchakarn, Sumait	null	null	null	null	null	null	null	null	null	null	null	Eukaryota;Metazoa;Porifera;Demospongiae;Tetractinomorpha;Spirophorida;Tetillidae;Paratetilla	null	28S ribosomal RNA	Thailand	0.0	JX177926.1_f0	null	63.4844868735	63.4844868735	Paratetilla	C1-D2 region	null	null	null	null	null	null	null	null
JX177925.1	ATAAGC...TTCGA	authority: Paratetilla bacca (Selenka, 1867)	genomic DNA	Indonesia	JX177925.1_source	taxon:1199255	[]	RMNH_POR_3206	Paratetilla	Paratetilla bacca	Becking, L.	null	null	null	null	null	null	null	null	null	null	null	Eukaryota;Metazoa;Porifera;Demospongiae;Tetractinomorpha;Spirophorida;Tetillidae;Paratetilla	null	28S ribosomal RNA	Indonesia	0.00246002460025	JX177925.1_f0	null	65.5596555966	65.5596555966	Paratetilla	C1-D2 region	null	null	null	null	null	null	null	null
JX177924.1	ATATCA...CCCAT	null	genomic DNA	Australia	JX177924.1_source	taxon:885878	[]	QMG_314224	Paratetilla	Paratetilla sp. 2656	Hooper, John	null	null	null	null	null	null	null	null	null	null	null	Eukaryota;Metazoa;Porifera;Demospongiae;Tetractinomorpha;Spirophorida;Tetillidae;Paratetilla	null	28S ribosomal RNA	Australia	0.0	JX177924.1_f0	null	58.5152838428	58.5152838428	Paratetilla	C1-D2 region	null	null	null	null	null	null	null	null
JX177923.1	AGAGCA...GCCGG	authority: Paratetilla bacca Wilson, 1925	genomic DNA	Indonesia	JX177923.1_source	taxon:1199255	[]	LB_671	Paratetilla	Paratetilla bacca	Becking, L.	null	null	null	null	null	null	null	null	null	null	null	Eukaryota;Metazoa;Porifera;Demospongiae;Tetractinomorpha;Spirophorida;Tetillidae;Paratetilla	null	28S ribosomal RNA	Indonesia	0.00297619047619	JX177923.1_f0	null	64.5833333333	64.5833333333	Paratetilla	C1-D2 region	null	null	null	null	null	null	null	null
JX177922.1	TCAATA...GCTTC	authority: Cinachyrella schulzei (Keller, 1891)	genomic DNA	Australia	JX177922.1_source	taxon:885871	[]	QMG_320143	Cinachyrella	Cinachyrella schulzei	Hooper, John	null	null	null	null	null	null	null	null	null	null	null	Eukaryota;Metazoa;Porifera;Demospongiae;Tetractinomorpha;Spirophorida;Tetillidae;Cinachyrella	yes	28S ribosomal RNA	Australia	0.0	JX177922.1_f0	null	65.9259259259	65.9259259259	Cinachyrella	C1-D2 region	null	null	null	null	null	null	null	null
JX177921.1	AGAGCA...GCCAG	authority: Acanthotetilla walteri Peixinho, Fernandez, Oliveira, Caires & Hajdu, 2007	genomic DNA	Brazil	JX177921.1_source	taxon:1199262	[]	UFBA_2021_POR	Acanthotetilla	Acanthotetilla walteri	null	null	null	null	null	null	null	null	null	null	null	null	Eukaryota;Metazoa;Porifera;Demospongiae;Tetractinomorpha;Spirophorida;Tetillidae;Acanthotetilla	null	28S ribosomal RNA	Brazil	0.0	JX177921.1_f0	null	67.0468948035	67.0468948035	Acanthotetilla	C1-D2 region	null	null	null	null	null	null	null	null
JX177920.1	TCCCCC...CCGTT	authority: Acanthotetilla celebensis de Voogd & van Soest, 2007	genomic DNA	Indonesia	JX177920.1_source	taxon:1199261	[]	RMNH_POR_2877	Acanthotetilla	Acanthotetilla celebensis	de Voogd, N.J.	null	null	null	null	null	null	null	null	null	null	null	Eukaryota;Metazoa;Porifera;Demospongiae;Tetractinomorpha;Spirophorida;Tetillidae;Acanthotetilla	null	28S ribosomal RNA	Indonesia	0.0360902255639	JX177920.1_f0	null	63.9097744361	63.9097744361	Acanthotetilla	C1-D2 region	null	null	null	null	null	null	null	null
JX177918.1	TACCTT...AATCC	null	genomic DNA	New Zealand	JX177918.1_source	taxon:1199266	[]	NIWA_28586	Fangophilina	Fangophilina sp. MK-2012	Kelly, Michelle	mitochondrion	null	null	null	null	null	null	null	null	null	null	Eukaryota;Metazoa;Porifera;Demospongiae;Tetractinomorpha;Spirophorida;Tetillidae;Fangophilina	null	cytochrome c oxidase subunit I	New Zealand	0.0	JX177918.1_f0	null	38.4033613445	38.4033613445	Fangophilina	null	0.0	2	AFM91900.1	4	GI:392932866	cox1	TLYLLF...VLGKI	null
JX177917.1	TATGAT...TTGGC	authority: Craniella sagitta (Lendenfeld, 1907)	genomic DNA	New Zealand	JX177917.1_source	taxon:1199254	[]	NIWA_25206	Craniella	Craniella sagitta	Kelly, Michelle	mitochondrion	null	null	null	null	null	null	null	null	null	null	Eukaryota;Metazoa;Porifera;Demospongiae;Tetractinomorpha;Spirophorida;Tetillidae;Craniella	null	cytochrome c oxidase subunit I	New Zealand	0.0	JX177917.1_f0	null	39.6148555708	39.6148555708	Craniella	null	0.0	2	AFM91899.1	4	GI:392932864	cox1	MIGTGF...KQIFG	null
JX177916.1	TTTCGG...AATGT	authority: Craniella cf. leptoderma AS-2012 Kirkpatrick, 1908	genomic DNA	New Zealand	JX177916.1_source	taxon:1200910	[]	NIWA_52077	Craniella	Craniella cf. leptoderma AS-2012	Kelly, Michelle	mitochondrion	null	null	null	null	null	null	null	null	null	null	Eukaryota;Metazoa;Porifera;Demospongiae;Tetractinomorpha;Spirophorida;Tetillidae;Craniella	null	cytochrome c oxidase subunit I	New Zealand	0.0	JX177916.1_f0	null	38.6768447837	38.6768447837	Craniella	null	0.0	3	AFM91898.1	4	GI:392932862	cox1	SGMIGT...HFWLM	null
JX177915.1	GGAACT...GTTTG	authority: Craniella sagitta (Lendenfeld, 1907)	genomic DNA	New Zealand	JX177915.1_source	taxon:1199254	[]	NIWA_28491	Craniella	Craniella sagitta	Kelly, Michelle	mitochondrion	null	null	null	null	null	null	null	null	null	null	Eukaryota;Metazoa;Porifera;Demospongiae;Tetractinomorpha;Spirophorida;Tetillidae;Craniella	null	cytochrome c oxidase subunit I	New Zealand	0.0	JX177915.1_f0	null	39.3041237113	39.3041237113	Craniella	null	0.0	1	AFM91897.1	4	GI:392932860	cox1	GTGFSL...LGFIV	null
JX177913.1	TATGAT...ATTAT	authority: Cinachyrella alloclada (Uliczka, 1929)	genomic DNA	Panama	JX177913.1_source	taxon:666329	[]	DH_S271	Cinachyrella	Cinachyrella alloclada	Ilan, Micha	mitochondrion	null	null	null	null	null	null	null	null	null	null	Eukaryota;Metazoa;Porifera;Demospongiae;Tetractinomorpha;Spirophorida;Tetillidae;Cinachyrella	yes	cytochrome c oxidase subunit I	Panama	0.0	JX177913.1_f0	null	37.2850678733	37.2850678733	Cinachyrella	null	0.0	2	AFM91895.1	4	GI:392932856	cox1	MIGSGF...GGVYY	null
JX177912.1	TTTTTC...GAGTA	null	genomic DNA	New Zealand	JX177912.1_source	taxon:1199266	[]	NIWA_28617	Fangophilina	Fangophilina sp. MK-2012	Kelly, Michelle	mitochondrion	null	null	null	null	null	null	null	null	null	null	Eukaryota;Metazoa;Porifera;Demospongiae;Tetractinomorpha;Spirophorida;Tetillidae;Fangophilina	null	cytochrome c oxidase subunit I	New Zealand	0.0	JX177912.1_f0	null	38.1711409396	38.1711409396	Fangophilina	null	0.0	2	AFM91894.1	4	GI:392932854	cox1	FSGMIG...MFIGV	null
JX177911.1	GACCTT...GGTCA	authority: Acanthotetilla walteri Peixinho, Fernandez, Oliveira, Caires & Hajdu, 2007	genomic DNA	Brazil	JX177911.1_source	taxon:1199262	[]	UFBA_2028_POR	Acanthotetilla	Acanthotetilla walteri	null	mitochondrion	null	null	null	null	null	null	null	null	null	null	Eukaryota;Metazoa;Porifera;Demospongiae;Tetractinomorpha;Spirophorida;Tetillidae;Acanthotetilla	null	cytochrome c oxidase subunit I	Brazil	0.0	JX177911.1_f0	null	40.5963302752	40.5963302752	Acanthotetilla	null	0.0	2	AFM91893.1	4	GI:392932852	cox1	TLYLLF...SILGS	null
JX177910.1	GACCTT...TCTAG	authority: Amphitethya cf. microsigma AS-2012 Lendenfeld, 1907	genomic DNA	Australia	JX177910.1_source	taxon:1200911	[]	SAM_S1189	Amphitethya	Amphitethya cf. microsigma AS-2012	Sorokin, S.	mitochondrion	null	null	null	null	null	null	null	null	null	null	Eukaryota;Metazoa;Porifera;Demospongiae;Tetractinomorpha;Spirophorida;Tetillidae;Amphitethya	null	cytochrome c oxidase subunit I	Australia	0.0	JX177910.1_f0	null	38.591916558	38.591916558	Amphitethya	null	0.0	2	AFM91892.1	4	GI:392932850	cox1	TLYLLF...IFGYL	null
JX177909.1	ATTGGG...GCGGC	authority: Acanthotetilla celebensis de Voogd & van Soest, 2007	genomic DNA	Indonesia	JX177909.1_source	taxon:1199261	[]	RMNH_POR_2877	Acanthotetilla	Acanthotetilla celebensis	de Voogd, N.J.	mitochondrion	null	null	null	null	null	null	null	null	null	null	Eukaryota;Metazoa;Porifera;Demospongiae;Tetractinomorpha;Spirophorida;Tetillidae;Acanthotetilla	null	cytochrome c oxidase subunit I	Indonesia	0.0	JX177909.1_f0	null	38.8739946381	38.8739946381	Acanthotetilla	null	0.0	1	AFM91891.1	4	GI:392932848	cox1	IGTLYL...PTFAA	null
JX177908.1	GGTTAT...GGTGG	authority: Acanthotetilla walteri Peixinho, Fernandez, Oliveira, Caires & Hajdu, 2007	genomic DNA	Brazil	JX177908.1_source	taxon:1199262	[]	UFBA_1897_POR	Acanthotetilla	Acanthotetilla walteri	null	mitochondrion	null	null	null	null	null	null	null	null	null	null	Eukaryota;Metazoa;Porifera;Demospongiae;Tetractinomorpha;Spirophorida;Tetillidae;Acanthotetilla	null	cytochrome c oxidase subunit I	Brazil	0.0	JX177908.1_f0	null	39.3939393939	39.3939393939	Acanthotetilla	null	0.0	2	AFM91890.1	4	GI:392932846	cox1	VMIGGF...PAGGG	null
JX177907.1	ATTGGG...ATTTA	authority: Acanthotetilla walteri Peixinho, Fernandez, Oliveira, Caires & Hajdu, 2007	genomic DNA	Brazil	JX177907.1_source	taxon:1199262	[]	UFBA_2021_POR	Acanthotetilla	Acanthotetilla walteri	null	mitochondrion	null	null	null	null	null	null	null	null	null	null	Eukaryota;Metazoa;Porifera;Demospongiae;Tetractinomorpha;Spirophorida;Tetillidae;Acanthotetilla	null	cytochrome c oxidase subunit I	Brazil	0.0	JX177907.1_f0	null	38.1322957198	38.1322957198	Acanthotetilla	null	0.0	1	AFM91889.1	4	GI:392932844	cox1	IGTLYL...IFGYL	null
JX177906.1	TATGAT...GAGTA	authority: Cinachyrella levantinensis Vacelet, Bitar, Carteron, Zibrowius & Perez, 2007	genomic DNA	Israel	JX177906.1_source	taxon:878253	[]	TAU_25529	Cinachyrella	Cinachyrella levantinensis	Ilan, Micha	mitochondrion	null	null	null	null	null	null	null	null	null	null	Eukaryota;Metazoa;Porifera;Demospongiae;Tetractinomorpha;Spirophorida;Tetillidae;Cinachyrella	yes	cytochrome c oxidase subunit I	Israel	0.0	JX177906.1_f0	null	38.0388841927	38.0388841927	Cinachyrella	null	0.0	2	AFM91888.1	4	GI:392932842	cox1	MIGTGF...MFIGV	null
JX177905.1	GATAGG...GAGTA	authority: Cinachyrella levantinensis Vacelet, Bitar, Carteron, Zibrowius & Perez, 2007	genomic DNA	Lebanon	JX177905.1_source	taxon:878253	[]	MHNM_16194	Cinachyrella	Cinachyrella levantinensis	Vacelet, Jean	mitochondrion	null	null	null	null	null	null	null	null	null	null	Eukaryota;Metazoa;Porifera;Demospongiae;Tetractinomorpha;Spirophorida;Tetillidae;Cinachyrella	yes	cytochrome c oxidase subunit I	Lebanon	0.0	JX177905.1_f0	null	38.1355932203	38.1355932203	Cinachyrella	null	0.0	2	AFM91887.1	4	GI:392932840	cox1	IGTGFS...MFIGV	null
JX177904.1	TATGAT...GAGTA	authority: Cinachyrella levantinensis Vacelet, Bitar, Carteron, Zibrowius & Perez, 2007	genomic DNA	Israel	JX177904.1_source	taxon:878253	[]	TAU_25568	Cinachyrella	Cinachyrella levantinensis	Ilan, Micha	mitochondrion	null	null	null	null	null	null	null	null	null	null	Eukaryota;Metazoa;Porifera;Demospongiae;Tetractinomorpha;Spirophorida;Tetillidae;Cinachyrella	yes	cytochrome c oxidase subunit I	Israel	0.0	JX177904.1_f0	null	38.0388841927	38.0388841927	Cinachyrella	null	0.0	2	AFM91886.1	4	GI:392932838	cox1	MIGTGF...MFIGV	null
JX177903.1	GATAGG...GAGTA	authority: Cinachyrella levantinensis Vacelet, Bitar, Carteron, Zibrowius & Perez, 2007	genomic DNA	Israel	JX177903.1_source	taxon:878253	[]	DH_S124	Cinachyrella	Cinachyrella levantinensis	Ilan, Micha	mitochondrion	null	null	null	null	null	null	null	null	null	null	Eukaryota;Metazoa;Porifera;Demospongiae;Tetractinomorpha;Spirophorida;Tetillidae;Cinachyrella	yes	cytochrome c oxidase subunit I	Israel	0.0	JX177903.1_f0	null	38.1355932203	38.1355932203	Cinachyrella	null	0.0	2	AFM91885.1	4	GI:392932836	cox1	IGTGFS...MFIGV	null
JX177902.1	CCCTTT...AAATA	authority: Cinachyrella australiensis (Carter, 1886)	genomic DNA	Australia	JX177902.1_source	taxon:885870	[]	QMG_320216	Cinachyrella	Cinachyrella australiensis	Hooper, John	mitochondrion	null	null	null	null	null	null	null	null	null	null	Eukaryota;Metazoa;Porifera;Demospongiae;Tetractinomorpha;Spirophorida;Tetillidae;Cinachyrella	yes	cytochrome c oxidase subunit I	Australia	0.0	JX177902.1_f0	null	41.2234042553	41.2234042553	Cinachyrella	null	0.0	3	AFM91884.1	4	GI:392932834	cox1	LYLLFG...AKKQI	null
JX177901.1	GACCTT...ATTTA	authority: Tetilla japonica Lampe, 1886	genomic DNA	Thailand	JX177901.1_source	taxon:29776	[]	SP_DH_S192	Tetilla	Tetilla japonica	Putchakarn, Sumait	mitochondrion	null	null	null	null	null	null	null	null	null	null	Eukaryota;Metazoa;Porifera;Demospongiae;Tetractinomorpha;Spirophorida;Tetillidae;Tetilla	null	cytochrome c oxidase subunit I	Thailand	0.0	JX177901.1_f0	null	36.9451697128	36.9451697128	Tetilla	null	0.0	2	AFM91883.1	4	GI:392932832	cox1	TLYLLF...IFGYL	null
JX177900.1	TACGTT...CTCCT	authority: Paratetilla bacca (Selenka, 1867)	genomic DNA	Thailand	JX177900.1_source	taxon:1199255	[]	SP_DH_S193	Paratetilla	Paratetilla bacca	Putchakarn, Sumait	mitochondrion	null	null	null	null	null	null	null	null	null	null	Eukaryota;Metazoa;Porifera;Demospongiae;Tetractinomorpha;Spirophorida;Tetillidae;Paratetilla	null	cytochrome c oxidase subunit I	Thailand	0.0	JX177900.1_f0	null	38.4854771784	38.4854771784	Paratetilla	null	0.0	2	AFM91882.1	4	GI:392932830	cox1	TLYLLF...RTDTP	null
JX177899.1	AGTTAT...ACTTA	authority: Tetilla pentatriaena Fernandez, Peixinho, Pinheiro & Menegola, 2011	genomic DNA	Brazil	JX177899.1_source	taxon:1199257	[]	UFBA_3646_POR	Tetilla	Tetilla pentatriaena	Fernandez, Julio C. C.	mitochondrion	null	null	null	null	null	null	null	null	null	null	Eukaryota;Metazoa;Porifera;Demospongiae;Tetractinomorpha;Spirophorida;Tetillidae;Tetilla	null	cytochrome c oxidase subunit I	Brazil	0.0	JX177899.1_f0	null	37.3970345964	37.3970345964	Tetilla	null	0.0	2	AFM91881.1	4	GI:392932828	cox1	VMPVMI...IFGYL	null
JX177898.1	GACCTT...GAGGT	authority: Tetilla muricyi Fernandez, Peixinho, Pinheiro & Menegola, 2011	genomic DNA	Brazil	JX177898.1_source	taxon:1199256	[]	UFBA_2586_POR	Tetilla	Tetilla muricyi	Fernandez, Julio C. C.	mitochondrion	null	null	null	null	null	null	null	null	null	null	Eukaryota;Metazoa;Porifera;Demospongiae;Tetractinomorpha;Spirophorida;Tetillidae;Tetilla	null	cytochrome c oxidase subunit I	Brazil	0.0	JX177898.1_f0	null	39.9681528662	39.9681528662	Tetilla	null	0.0	2	AFM91880.1	4	GI:392932826	cox1	TLYLLF...DPAGG	null
JX177897.1	ATGATA...ACATT	authority: Craniella cf. leptoderma AS-2012 Kirkpatrick, 1908	genomic DNA	New Zealand	JX177897.1_source	taxon:1200910	[]	NIWA_28496	Craniella	Craniella cf. leptoderma AS-2012	Kelly, Michelle	mitochondrion	null	null	null	null	null	null	null	null	null	null	Eukaryota;Metazoa;Porifera;Demospongiae;Tetractinomorpha;Spirophorida;Tetillidae;Craniella	null	cytochrome c oxidase subunit I	New Zealand	0.0	JX177897.1_f0	null	39.514978602	39.514978602	Craniella	null	0.0	1	AFM91879.1	4	GI:392932824	cox1	MIGTGF...QIIPT	null
JX177896.1	ATGATA...AATTA	authority: Craniella cf. leptoderma AS-2012 Kirkpatrick, 1908	genomic DNA	New Zealand	JX177896.1_source	taxon:1200910	[]	NIWA_28507	Craniella	Craniella cf. leptoderma AS-2012	Kelly, Michelle	mitochondrion	null	null	null	null	null	null	null	null	null	null	Eukaryota;Metazoa;Porifera;Demospongiae;Tetractinomorpha;Spirophorida;Tetillidae;Craniella	null	cytochrome c oxidase subunit I	New Zealand	0.0	JX177896.1_f0	null	39.0178571429	39.0178571429	Craniella	null	0.0	1	AFM91878.1	4	GI:392932822	cox1	MIGTGF...WFGKI	null
JX177895.1	AACTGG...GGGAT	authority: Craniella cf. leptoderma AS-2012 Kirkpatrick, 1908	genomic DNA	New Zealand	JX177895.1_source	taxon:1200910	[]	NIWA_28524	Craniella	Craniella cf. leptoderma AS-2012	Kelly, Michelle	mitochondrion	null	null	null	null	null	null	null	null	null	null	Eukaryota;Metazoa;Porifera;Demospongiae;Tetractinomorpha;Spirophorida;Tetillidae;Craniella	null	cytochrome c oxidase subunit I	New Zealand	0.0	JX177895.1_f0	null	39.5061728395	39.5061728395	Craniella	null	0.0	2	AFM91877.1	4	GI:392932820	cox1	TGFSLL...FGYLG	null
JX177894.1	TACGTT...TACTC	authority: Paratetilla bacca (Selenka, 1867)	genomic DNA	Indonesia	JX177894.1_source	taxon:1199255	[]	LB_622	Paratetilla	Paratetilla bacca	Becking, Leontine E.	mitochondrion	null	null	null	null	null	null	null	null	null	null	Eukaryota;Metazoa;Porifera;Demospongiae;Tetractinomorpha;Spirophorida;Tetillidae;Paratetilla	null	cytochrome c oxidase subunit I	Indonesia	0.122661122661	JX177894.1_f0	null	34.5114345114	34.5114345114	Paratetilla	null	0.121875	2	AFM91876.1	4	GI:392932818	cox1	TLYLLF...VRTDT	null
JX177893.1	TACGTT...ACTCC	authority: Paratetilla bacca Wilson, 1925	genomic DNA	Indonesia	JX177893.1_source	taxon:1199255	[]	LB_671	Paratetilla	Paratetilla bacca	Becking, Leontine E.	mitochondrion	null	null	null	null	null	null	null	null	null	null	Eukaryota;Metazoa;Porifera;Demospongiae;Tetractinomorpha;Spirophorida;Tetillidae;Paratetilla	null	cytochrome c oxidase subunit I	Indonesia	0.127725856698	JX177893.1_f0	null	34.1640706127	34.1640706127	Paratetilla	null	0.130841121495	2	AFM91875.1	4	GI:392932816	cox1	TLYLLF...RTDTP	null
JX177892.1	TTGGGG...ACTCC	authority: Paratetilla bacca (Selenka, 1867)	genomic DNA	Indonesia	JX177892.1_source	taxon:1199255	[]	RMNH_POR_3206	Paratetilla	Paratetilla bacca	Becking, Leontine E.	mitochondrion	null	null	null	null	null	null	null	null	null	null	Eukaryota;Metazoa;Porifera;Demospongiae;Tetractinomorpha;Spirophorida;Tetillidae;Paratetilla	null	cytochrome c oxidase subunit I	Indonesia	0.0	JX177892.1_f0	null	38.7802071346	38.7802071346	Paratetilla	null	0.0	1	AFM91874.1	4	GI:392932814	cox1	LGDDQL...RTDTP	null
JX177891.1	TTGGGG...CCTAT	authority: Paratetilla bacca (Selenka, 1867)	genomic DNA	Indonesia	JX177891.1_source	taxon:1199255	[]	RMNH_POR_310	Paratetilla	Paratetilla bacca	Becking, Leontine E.	mitochondrion	null	null	null	null	null	null	null	null	null	null	Eukaryota;Metazoa;Porifera;Demospongiae;Tetractinomorpha;Spirophorida;Tetillidae;Paratetilla	null	cytochrome c oxidase subunit I	Indonesia	0.145642201835	JX177891.1_f0	null	33.6009174312	33.6009174312	Paratetilla	null	0.148275862069	1	AFM91873.1	4	GI:392932812	cox1	LGDDQL...RTDTP	null
JX177890.1	TTCTTA...AGAAA	authority: Cinachyrella paterifera (Wilson, 1925)	genomic DNA	Indonesia	JX177890.1_source	taxon:1199252	[]	LB_113	Cinachyrella	Cinachyrella paterifera	Becking, Leontine E.	mitochondrion	null	null	null	null	null	null	null	null	null	null	Eukaryota;Metazoa;Porifera;Demospongiae;Tetractinomorpha;Spirophorida;Tetillidae;Cinachyrella	yes	cytochrome c oxidase subunit I	Indonesia	0.0	JX177890.1_f0	null	39.0909090909	39.0909090909	Cinachyrella	null	0.0	1	AFM91872.1	4	GI:392932810	cox1	FLVMPV...LLTDR	null
JX177889.1	TTCTTA...AGAAA	authority: Cinachyrella paterifera (Wilson, 1925)	genomic DNA	Indonesia	JX177889.1_source	taxon:1199252	[]	LB_112	Cinachyrella	Cinachyrella paterifera	Becking, Leontine E.	mitochondrion	null	null	null	null	null	null	null	null	null	null	Eukaryota;Metazoa;Porifera;Demospongiae;Tetractinomorpha;Spirophorida;Tetillidae;Cinachyrella	yes	cytochrome c oxidase subunit I	Indonesia	0.0	JX177889.1_f0	null	39.0909090909	39.0909090909	Cinachyrella	null	0.0	1	AFM91871.1	4	GI:392932808	cox1	FLVMPV...LLTDR	null
JX177888.1	TTGGGG...CTATG	authority: Cinachyrella anomala (Dendy, 1905)	genomic DNA	Indonesia	JX177888.1_source	taxon:1199251	[]	LB_913	Cinachyrella	Cinachyrella anomala	Becking, Leontine E.	mitochondrion	null	null	null	null	null	null	null	null	null	null	Eukaryota;Metazoa;Porifera;Demospongiae;Tetractinomorpha;Spirophorida;Tetillidae;Cinachyrella	yes	cytochrome c oxidase subunit I	Indonesia	0.0	JX177888.1_f0	null	38.0952380952	38.0952380952	Cinachyrella	null	0.0	1	AFM91870.1	4	GI:392932806	cox1	LGDDQL...GAITM	null
JX177887.1	TTGGGG...AGAAA	authority: Cinachyrella anomala (Dendy, 1905)	genomic DNA	Indonesia	JX177887.1_source	taxon:1199251	[]	LB_1750	Cinachyrella	Cinachyrella anomala	Becking, Leontine E.	mitochondrion	null	null	null	null	null	null	null	null	null	null	Eukaryota;Metazoa;Porifera;Demospongiae;Tetractinomorpha;Spirophorida;Tetillidae;Cinachyrella	yes	cytochrome c oxidase subunit I	Indonesia	0.0	JX177887.1_f0	null	37.6	37.6	Cinachyrella	null	0.0	1	AFM91869.1	4	GI:392932804	cox1	LGDDQL...LLTDR	null
JX177886.1	TTGGGG...AGAAA	authority: Cinachyrella anomala (Dendy, 1905)	genomic DNA	Indonesia	JX177886.1_source	taxon:1199251	[]	LB_1756	Cinachyrella	Cinachyrella anomala	Becking, Leontine E.	mitochondrion	null	null	null	null	null	null	null	null	null	null	Eukaryota;Metazoa;Porifera;Demospongiae;Tetractinomorpha;Spirophorida;Tetillidae;Cinachyrella	yes	cytochrome c oxidase subunit I	Indonesia	0.0	JX177886.1_f0	null	38.6	38.6	Cinachyrella	null	0.0	1	AFM91868.1	4	GI:392932802	cox1	LGDDQL...LLTDR	null
JX177885.1	TTGGGG...AGAAA	authority: Cinachyrella anomala (Dendy, 1905)	genomic DNA	Indonesia	JX177885.1_source	taxon:1199251	[]	LB_1757	Cinachyrella	Cinachyrella anomala	Becking, Leontine E.	mitochondrion	null	null	null	null	null	null	null	null	null	null	Eukaryota;Metazoa;Porifera;Demospongiae;Tetractinomorpha;Spirophorida;Tetillidae;Cinachyrella	yes	cytochrome c oxidase subunit I	Indonesia	0.0	JX177885.1_f0	null	37.8	37.8	Cinachyrella	null	0.0	1	AFM91867.1	4	GI:392932800	cox1	LGDDQL...LLTDR	null
JX177884.1	GATGAC...TTTAA	authority: Cinachyrella anomala (Dendy, 1905)	genomic DNA	Indonesia	JX177884.1_source	taxon:1199251	[]	LB_45	Cinachyrella	Cinachyrella anomala	Becking, Leontine E.	mitochondrion	null	null	null	null	null	null	null	null	null	null	Eukaryota;Metazoa;Porifera;Demospongiae;Tetractinomorpha;Spirophorida;Tetillidae;Cinachyrella	yes	cytochrome c oxidase subunit I	Indonesia	0.00206611570248	JX177884.1_f0	null	37.6033057851	37.6033057851	Cinachyrella	null	0.00621118012422	1	AFM91866.1	4	GI:392932798	cox1	DDQLYN...ITXLL	null
JX177883.1	TTGGGG...AGAAA	authority: Cinachyrella australiensis (Carter, 1886)	genomic DNA	Indonesia	JX177883.1_source	taxon:885870	[]	LB_436	Cinachyrella	Cinachyrella australiensis	Becking, Leontine E.	mitochondrion	null	null	null	null	null	null	null	null	null	null	Eukaryota;Metazoa;Porifera;Demospongiae;Tetractinomorpha;Spirophorida;Tetillidae;Cinachyrella	yes	cytochrome c oxidase subunit I	Indonesia	0.0	JX177883.1_f0	null	40.2	40.2	Cinachyrella	null	0.0	1	AFM91865.1	4	GI:392932796	cox1	LGDDQL...LLTDR	null
JX177882.1	TTGGGG...CTATG	authority: Cinachyrella australiensis (Carter, 1886)	genomic DNA	Indonesia	JX177882.1_source	taxon:885870	[]	LB_1223	Cinachyrella	Cinachyrella australiensis	Becking, Leontine E.	mitochondrion	null	null	null	null	null	null	null	null	null	null	Eukaryota;Metazoa;Porifera;Demospongiae;Tetractinomorpha;Spirophorida;Tetillidae;Cinachyrella	yes	cytochrome c oxidase subunit I	Indonesia	0.0	JX177882.1_f0	null	39.5445134576	39.5445134576	Cinachyrella	null	0.0	1	AFM91864.1	4	GI:392932794	cox1	LGDDQL...GAITM	null
JX177881.1	GATGAC...TTTTA	authority: Cinachyrella australiensis (Carter, 1886)	genomic DNA	Indonesia	JX177881.1_source	taxon:885870	[]	LB_817	Cinachyrella	Cinachyrella australiensis	Becking, Leontine E.	mitochondrion	null	null	null	null	null	null	null	null	null	null	Eukaryota;Metazoa;Porifera;Demospongiae;Tetractinomorpha;Spirophorida;Tetillidae;Cinachyrella	yes	cytochrome c oxidase subunit I	Indonesia	0.0	JX177881.1_f0	null	38.3022774327	38.3022774327	Cinachyrella	null	0.0	1	AFM91863.1	4	GI:392932792	cox1	DDQLYN...ITMLL	null
JX177880.1	CACGGT...AGAAA	authority: Cinachyrella australiensis (Carter, 1886)	genomic DNA	Indonesia	JX177880.1_source	taxon:885870	[]	LB_815	Cinachyrella	Cinachyrella australiensis	Becking, Leontine E.	mitochondrion	null	null	null	null	null	null	null	null	null	null	Eukaryota;Metazoa;Porifera;Demospongiae;Tetractinomorpha;Spirophorida;Tetillidae;Cinachyrella	yes	cytochrome c oxidase subunit I	Indonesia	0.0	JX177880.1_f0	null	38.1778741866	38.1778741866	Cinachyrella	null	0.0	1	AFM91862.1	4	GI:392932790	cox1	HGLIMV...LLTDR	null
JX177879.1	GATGAC...TTTTA	authority: Cinachyrella australiensis (Carter, 1886)	genomic DNA	Indonesia	JX177879.1_source	taxon:885870	[]	LB_647	Cinachyrella	Cinachyrella australiensis	Becking, Leontine E.	mitochondrion	null	null	null	null	null	null	null	null	null	null	Eukaryota;Metazoa;Porifera;Demospongiae;Tetractinomorpha;Spirophorida;Tetillidae;Cinachyrella	yes	cytochrome c oxidase subunit I	Indonesia	0.0	JX177879.1_f0	null	38.9233954451	38.9233954451	Cinachyrella	null	0.0	1	AFM91861.1	4	GI:392932788	cox1	DDQLYN...ITMLL	null
JX177878.1	TTGGGG...CTATG	authority: Cinachyrella australiensis (Carter, 1886)	genomic DNA	Indonesia	JX177878.1_source	taxon:885870	[]	LB_645	Cinachyrella	Cinachyrella australiensis	Becking, Leontine E.	mitochondrion	null	null	null	null	null	null	null	null	null	null	Eukaryota;Metazoa;Porifera;Demospongiae;Tetractinomorpha;Spirophorida;Tetillidae;Cinachyrella	yes	cytochrome c oxidase subunit I	Indonesia	0.0	JX177878.1_f0	null	40.5797101449	40.5797101449	Cinachyrella	null	0.0	1	AFM91860.1	4	GI:392932786	cox1	LGDDQL...GAITM	null
JX177877.1	TTGGGG...AGAAA	authority: Cinachyrella australiensis (Carter, 1886)	genomic DNA	Indonesia	JX177877.1_source	taxon:885870	[]	LB_425	Cinachyrella	Cinachyrella australiensis	Becking, Leontine E.	mitochondrion	null	null	null	null	null	null	null	null	null	null	Eukaryota;Metazoa;Porifera;Demospongiae;Tetractinomorpha;Spirophorida;Tetillidae;Cinachyrella	yes	cytochrome c oxidase subunit I	Indonesia	0.0	JX177877.1_f0	null	38.8	38.8	Cinachyrella	null	0.0	1	AFM91859.1	4	GI:392932784	cox1	LGDDQL...LLTDR	null
JX177876.1	TTGGGC...AGAAA	authority: Cinachyrella australiensis (Carter, 1886)	genomic DNA	Indonesia	JX177876.1_source	taxon:885870	[]	LB_424	Cinachyrella	Cinachyrella australiensis	Becking, Leontine E.	mitochondrion	null	null	null	null	null	null	null	null	null	null	Eukaryota;Metazoa;Porifera;Demospongiae;Tetractinomorpha;Spirophorida;Tetillidae;Cinachyrella	yes	cytochrome c oxidase subunit I	Indonesia	0.002	JX177876.1_f0	null	39.2	39.2	Cinachyrella	null	0.0	1	AFM91858.1	4	GI:392932782	cox1	LGDDQL...LLTDR	null
JX177875.1	TTGGGG...AGAAA	authority: Cinachyrella australiensis (Carter, 1886)	genomic DNA	Indonesia	JX177875.1_source	taxon:885870	[]	LB_91	Cinachyrella	Cinachyrella australiensis	Becking, Leontine E.	mitochondrion	null	null	null	null	null	null	null	null	null	null	Eukaryota;Metazoa;Porifera;Demospongiae;Tetractinomorpha;Spirophorida;Tetillidae;Cinachyrella	yes	cytochrome c oxidase subunit I	Indonesia	0.0	JX177875.1_f0	null	39.0	39.0	Cinachyrella	null	0.0	1	AFM91857.1	4	GI:392932780	cox1	LGDDQL...LLTDR	null
JX177874.1	TTGGGG...AGAAA	authority: Cinachyrella australiensis (Carter, 1886)	genomic DNA	Indonesia	JX177874.1_source	taxon:885870	[]	LB_80	Cinachyrella	Cinachyrella australiensis	Becking, Leontine E.	mitochondrion	null	null	null	null	null	null	null	null	null	null	Eukaryota;Metazoa;Porifera;Demospongiae;Tetractinomorpha;Spirophorida;Tetillidae;Cinachyrella	yes	cytochrome c oxidase subunit I	Indonesia	0.0	JX177874.1_f0	null	39.2	39.2	Cinachyrella	null	0.0	1	AFM91856.1	4	GI:392932778	cox1	LGDDQL...LLTDR	null
JX177873.1	TTGGGG...CTATG	authority: Cinachyrella australiensis (Carter, 1886)	genomic DNA	Indonesia	JX177873.1_source	taxon:885870	[]	LB_664	Cinachyrella	Cinachyrella australiensis	Becking, Leontine E.	mitochondrion	null	null	null	null	null	null	null	null	null	null	Eukaryota;Metazoa;Porifera;Demospongiae;Tetractinomorpha;Spirophorida;Tetillidae;Cinachyrella	yes	cytochrome c oxidase subunit I	Indonesia	0.0	JX177873.1_f0	null	40.3726708075	40.3726708075	Cinachyrella	null	0.0	1	AFM91855.1	4	GI:392932776	cox1	LGDDQL...GAITM	null
JX177872.1	GATGAC...GGGGA	authority: Cinachyrella australiensis (Carter, 1886)	genomic DNA	Indonesia	JX177872.1_source	taxon:885870	[]	LB_662	Cinachyrella	Cinachyrella australiensis	Becking, Leontine E.	mitochondrion	null	null	null	null	null	null	null	null	null	null	Eukaryota;Metazoa;Porifera;Demospongiae;Tetractinomorpha;Spirophorida;Tetillidae;Cinachyrella	yes	cytochrome c oxidase subunit I	Indonesia	0.0	JX177872.1_f0	null	40.1500938086	40.1500938086	Cinachyrella	null	0.0	1	AFM91854.1	4	GI:392932774	cox1	DDQLYN...PAGGG	null
JX177871.1	GATGAC...GGGGA	authority: Cinachyrella australiensis (Carter, 1886)	genomic DNA	Indonesia	JX177871.1_source	taxon:885870	[]	LB_1232	Cinachyrella	Cinachyrella australiensis	Becking, Leontine E.	mitochondrion	null	null	null	null	null	null	null	null	null	null	Eukaryota;Metazoa;Porifera;Demospongiae;Tetractinomorpha;Spirophorida;Tetillidae;Cinachyrella	yes	cytochrome c oxidase subunit I	Indonesia	0.0	JX177871.1_f0	null	41.8386491557	41.8386491557	Cinachyrella	null	0.0	1	AFM91853.1	4	GI:392932772	cox1	DDQLYN...PAGGG	null
JX177870.1	GGGGAT...GGTGA	authority: Paratetilla bacca Wilson, 1925	genomic DNA	Indonesia	JX177870.1_source	taxon:1199255	[]	LB_1231	Paratetilla	Paratetilla bacca	Becking, Leontine E.	mitochondrion	null	null	null	null	null	null	null	null	null	null	Eukaryota;Metazoa;Porifera;Demospongiae;Tetractinomorpha;Spirophorida;Tetillidae;Paratetilla	null	cytochrome c oxidase subunit I	Indonesia	0.0	JX177870.1_f0	null	39.552238806	39.552238806	Paratetilla	null	0.0	1	AFM91852.1	4	GI:392932770	cox1	GDDQLY...PAGGG	null
JX177869.1	GATGAC...GGGGA	authority: Cinachyrella australiensis (Carter, 1886)	genomic DNA	Indonesia	JX177869.1_source	taxon:885870	[]	LB_637	Cinachyrella	Cinachyrella australiensis	Becking, Leontine E.	mitochondrion	null	null	null	null	null	null	null	null	null	null	Eukaryota;Metazoa;Porifera;Demospongiae;Tetractinomorpha;Spirophorida;Tetillidae;Cinachyrella	yes	cytochrome c oxidase subunit I	Indonesia	0.0	JX177869.1_f0	null	40.1500938086	40.1500938086	Cinachyrella	null	0.0	1	AFM91851.1	4	GI:392932768	cox1	DDQLYN...PAGGG	null
HM592669.1	GACCTT...TATTT	null	genomic DNA	Norway	HM592669.1_source	taxon:1006792	[]	ZMBN:85239	Craniella	Craniella cranium	Paco Cardenas & Hans Tore Rapp	mitochondrion	Hans Tore Rapp	null	null	null	null	null	null	null	null	null	Eukaryota;Metazoa;Porifera;Demospongiae;Tetractinomorpha;Spirophorida;Tetillidae;Craniella	null	cytochrome c oxidase subunit I	Norway	0.0	HM592669.1_f0	null	38.7537993921	38.7537993921	Craniella	null	0.0	2	AEB72034.1	4	GI:329124313	COI	TLYLLF...FQHLF	null
HM592668.1	GACCTT...TATTC	null	genomic DNA	Norway	HM592668.1_source	taxon:1006818	[]	ZMBN:85240	Craniella	Craniella sp. PC-2011	Paco Cardenas	mitochondrion	Paco Cardenas	24-Oct-2007	null	null	null	null	null	null	null	null	Eukaryota;Metazoa;Porifera;Demospongiae;Tetractinomorpha;Spirophorida;Tetillidae;Craniella	null	cytochrome c oxidase subunit I	Norway	0.0	HM592668.1_f0	null	38.7537993921	38.7537993921	Craniella	null	0.0	2	AEB72033.1	4	GI:329124311	COI	TLYLLF...FQHLF	null
HM592667.1	GACCTT...TATTT	null	genomic DNA	USA	HM592667.1_source	taxon:263142	[]	ZMBN:81789	Cinachyrella	Cinachyrella apion	Paco Cardenas	mitochondrion	Tse-Lynn Loh	05-Nov-2008	null	null	null	null	null	null	null	null	Eukaryota;Metazoa;Porifera;Demospongiae;Tetractinomorpha;Spirophorida;Tetillidae;Cinachyrella	yes	cytochrome c oxidase subunit I	USA	0.0	HM592667.1_f0	null	36.7781155015	36.7781155015	Cinachyrella	null	0.0	2	AEB72032.1	4	GI:329124309	COI	TLYLLF...FQHLF	null
KC774024.1	AGCCTG...CAGTT	null	genomic DNA	null	KC774024.1_source	taxon:1350299	[]	null	Cinachyrella	Cinachyrella sp. 3-10	null	null	null	null	South China Sea	3-10	null	null	null	null	null	null	Eukaryota;Metazoa;Porifera;Demospongiae;Tetractinomorpha;Spirophorida;Tetillidae;Cinachyrella	yes	18S ribosomal RNA	null	0.0	KC774024.1_f0	null	52.2821576763	52.2821576763	Cinachyrella	null	null	null	null	null	null	null	null	null
KC762720.1	CCTGCC...GGCGG	null	genomic DNA	null	KC762720.1_source	taxon:1348083	[]	null	Cinachyrella	Cinachyrella sp. 3-9	null	null	null	null	South China Sea	3-9	null	null	null	null	null	null	Eukaryota;Metazoa;Porifera;Demospongiae;Tetractinomorpha;Spirophorida;Tetillidae;Cinachyrella	yes	18S ribosomal RNA	null	0.0	KC762720.1_f0	null	50.0952380952	50.0952380952	Cinachyrella	null	null	null	null	null	null	null	null	null
KC762713.1	CCTGCC...GGCGG	null	genomic DNA	null	KC762713.1_source	taxon:1348082	[]	null	Cinachyrella	Cinachyrella sp. 3-1	null	null	null	null	South China Sea	3-1	null	null	null	null	null	null	Eukaryota;Metazoa;Porifera;Demospongiae;Tetractinomorpha;Spirophorida;Tetillidae;Cinachyrella	yes	18S ribosomal RNA	null	0.0	KC762713.1_f0	null	50.0952380952	50.0952380952	Cinachyrella	null	null	null	null	null	null	null	null	null
KC762710.1	ACTAAG...CCTTG	null	genomic DNA	null	KC762710.1_source	taxon:1348085	[]	null	Craniella	Craniella sp. 2-7	null	null	null	null	South China Sea	2-7	null	null	null	null	null	null	Eukaryota;Metazoa;Porifera;Demospongiae;Tetractinomorpha;Spirophorida;Tetillidae;Craniella	null	18S ribosomal RNA	null	0.0	KC762710.1_f0	null	49.2380952381	49.2380952381	Craniella	null	null	null	null	null	null	null	null	null
KC762708.1	CATATG...ATCGG	null	genomic DNA	null	KC762708.1_source	taxon:458489	[]	null	Cinachyrella	Cinachyrella kuekenthali	null	null	null	null	South China Sea	2-4	null	null	null	null	null	null	Eukaryota;Metazoa;Porifera;Demospongiae;Tetractinomorpha;Spirophorida;Tetillidae;Cinachyrella	yes	18S ribosomal RNA	null	0.0	KC762708.1_f0	null	50.1449275362	50.1449275362	Cinachyrella	null	null	null	null	null	null	null	null	null
HM032752.3	TTGTAC...ATCAC	null	genomic DNA	Australia	HM032752.3_source	taxon:885875	[]	QMG318785	Craniella	Craniella sp. 3318	null	mitochondrion	null	null	null	null	null	null	null	null	null	null	Eukaryota;Metazoa;Porifera;Demospongiae;Tetractinomorpha;Spirophorida;Tetillidae;Craniella	null	cytochrome c oxidase subunit I	Australia	0.00608272506083	HM032752.3_f0	null	38.6861313869	38.6861313869	Craniella	null	0.0109489051095	1	ADO14991.3	4	GI:334350725	cox1	LYLLFG...VWAHH	1.6.3.1
HM032749.2	ACGTTA...TTTAT	null	genomic DNA	Antarctica	HM032749.2_source	taxon:885872	[]	QMG315031	Tetilla	Tetilla leptoderma	null	mitochondrion	null	null	null	null	null	null	null	null	null	null	Eukaryota;Metazoa;Porifera;Demospongiae;Tetractinomorpha;Spirophorida;Tetillidae;Tetilla	null	cytochrome c oxidase subunit I	Antarctica	0.0	HM032749.2_f0	null	39.1534391534	39.1534391534	Tetilla	null	0.0	1	ADO14988.1	4	GI:308125274	cox1	TLYLLF...FGGVY	1.6.3.1
HM032748.2	TTATAC...TTGTT	null	genomic DNA	Australia	HM032748.2_source	taxon:885876	[]	QMG316372	Craniella	Craniella sp. 3878	null	mitochondrion	null	null	null	null	null	null	null	null	null	null	Eukaryota;Metazoa;Porifera;Demospongiae;Tetractinomorpha;Spirophorida;Tetillidae;Craniella	null	cytochrome c oxidase subunit I	Australia	0.0	HM032748.2_f0	null	39.6341463415	39.6341463415	Craniella	null	0.0	1	ADO14987.1	4	GI:308125272	cox1	LYLLFG...AMGFV	1.6.3.1
HM032747.2	TACTTA...TTTTT	null	genomic DNA	Australia	HM032747.2_source	taxon:885876	[]	QMG316342	Craniella	Craniella sp. 3878	null	mitochondrion	null	null	null	null	null	null	null	null	null	null	Eukaryota;Metazoa;Porifera;Demospongiae;Tetractinomorpha;Spirophorida;Tetillidae;Craniella	null	cytochrome c oxidase subunit I	Australia	0.0	HM032747.2_f0	null	39.6341463415	39.6341463415	Craniella	null	0.0	1	ADO14986.1	4	GI:308125270	cox1	YLLFGV...MGFVF	1.6.3.1
HM032751.1	TTATAC...TCTTT	null	genomic DNA	Iceland	HM032751.1_source	taxon:885873	[]	VM14754	Craniella	Craniella zetlandica	null	mitochondrion	null	null	null	null	null	null	null	null	null	null	Eukaryota;Metazoa;Porifera;Demospongiae;Tetractinomorpha;Spirophorida;Tetillidae;Craniella	null	cytochrome c oxidase subunit I	Iceland	0.0	HM032751.1_f0	null	38.6486486486	38.6486486486	Craniella	null	0.0	1	ADO14990.1	4	GI:308125278	cox1	LYLLFG...MGAIF	1.6.3.1
HM032750.1	ACCTTA...TTTAT	null	genomic DNA	Iceland	HM032750.1_source	taxon:902688	[]	BIOICE 3659	Craniella	Craniella sp. AS-2010	null	mitochondrion	null	null	null	null	null	null	null	null	null	null	Eukaryota;Metazoa;Porifera;Demospongiae;Tetractinomorpha;Spirophorida;Tetillidae;Craniella	null	cytochrome c oxidase subunit I	Iceland	0.0	HM032750.1_f0	null	38.9770723104	38.9770723104	Craniella	null	0.0	1	ADO14989.1	4	GI:308125276	cox1	TLYLLF...FGGFY	1.6.3.1
HM032746.1	TTATTA...ATTTT	null	genomic DNA	Australia	HM032746.1_source	taxon:885871	[]	QMG320143	Cinachyrella	Cinachyrella schulzei	null	mitochondrion	null	null	null	null	null	null	null	null	null	null	Eukaryota;Metazoa;Porifera;Demospongiae;Tetractinomorpha;Spirophorida;Tetillidae;Cinachyrella	yes	cytochrome c oxidase subunit I	Australia	0.0	HM032746.1_f0	null	37.9746835443	37.9746835443	Cinachyrella	null	0.0	1	ADO14985.1	4	GI:308125268	cox1	LLFGVF...GKIHF	1.6.3.1
HM032745.1	ACGTTA...ATTTT	null	genomic DNA	Australia	HM032745.1_source	taxon:885871	[]	QMG320636	Cinachyrella	Cinachyrella schulzei	null	mitochondrion	null	null	null	null	null	null	null	null	null	null	Eukaryota;Metazoa;Porifera;Demospongiae;Tetractinomorpha;Spirophorida;Tetillidae;Cinachyrella	yes	cytochrome c oxidase subunit I	Australia	0.0	HM032745.1_f0	null	37.9396984925	37.9396984925	Cinachyrella	null	0.0	1	ADO14984.1	4	GI:308125266	cox1	TLYLLF...GKIHF	1.6.3.1
HM032744.1	ACGTTA...TTGCC	null	genomic DNA	Australia	HM032744.1_source	taxon:885878	[]	QMG314224	Paratetilla	Paratetilla sp. 2656	null	mitochondrion	null	null	null	null	null	null	null	null	null	null	Eukaryota;Metazoa;Porifera;Demospongiae;Tetractinomorpha;Spirophorida;Tetillidae;Paratetilla	null	cytochrome c oxidase subunit I	Australia	0.0	HM032744.1_f0	null	38.9784946237	38.9784946237	Paratetilla	null	0.0	1	ADO14983.1	4	GI:308125264	cox1	TLYLLF...GAIFA	1.6.3.1
HM032743.1	TTATTA...CGCAT	null	genomic DNA	Australia	HM032743.1_source	taxon:885870	[]	QMG321405	Cinachyrella	Cinachyrella australiensis	null	mitochondrion	null	null	null	null	null	null	null	null	null	null	Eukaryota;Metazoa;Porifera;Demospongiae;Tetractinomorpha;Spirophorida;Tetillidae;Cinachyrella	yes	cytochrome c oxidase subunit I	Australia	0.0	HM032743.1_f0	null	40.7134071341	40.7134071341	Cinachyrella	null	0.0	1	ADO14982.1	4	GI:308125262	cox1	LLFGLF...IVWAH	1.6.3.1
HM032742.1	ACCTTA...GAGTA	null	genomic DNA	Brazil	HM032742.1_source	taxon:624303	[]	MNRJ 576	Tetilla	Tetilla radiata	null	mitochondrion	null	null	null	null	null	null	null	null	null	null	Eukaryota;Metazoa;Porifera;Demospongiae;Tetractinomorpha;Spirophorida;Tetillidae;Tetilla	null	cytochrome c oxidase subunit I	Brazil	0.0	HM032742.1_f0	null	36.8724279835	36.8724279835	Tetilla	null	0.0	1	ADO14980.1	4	GI:308125259	cox1	TLYLLF...MFIGV	1.6.3.1
HM032741.1	CTTATT...GTTTA	null	genomic DNA	Australia	HM032741.1_source	taxon:885874	[]	QMG320270	Cinachyrella	Cinachyrella sp. 3473	null	mitochondrion	null	null	null	null	null	null	null	null	null	null	Eukaryota;Metazoa;Porifera;Demospongiae;Tetractinomorpha;Spirophorida;Tetillidae;Cinachyrella	yes	cytochrome c oxidase subunit I	Australia	0.0	HM032741.1_f0	null	38.0111524164	38.0111524164	Cinachyrella	null	0.0	1	ADO14978.1	4	GI:308125256	cox1	LIRLEL...IFGGV	1.6.3.1
HM032740.1	ACCTTA...AGGAG	null	genomic DNA	Tanzania	HM032740.1_source	taxon:902687	[]	TAU 25621	Cinachyrella	Cinachyrella sp. AS-2010	null	mitochondrion	null	null	null	null	null	null	null	null	null	null	Eukaryota;Metazoa;Porifera;Demospongiae;Tetractinomorpha;Spirophorida;Tetillidae;Cinachyrella	yes	cytochrome c oxidase subunit I	Tanzania	0.0	HM032740.1_f0	null	36.8507831822	36.8507831822	Cinachyrella	null	0.0	1	ADO14976.1	4	GI:308125253	cox1	TLYLLF...LMFIG	1.6.3.1
HM032739.1	ACCTTA...AGGAG	null	genomic DNA	Bahamas	HM032739.1_source	taxon:902687	[]	TAU 25622	Cinachyrella	Cinachyrella sp. AS-2010	null	mitochondrion	null	null	null	null	null	null	null	null	null	null	Eukaryota;Metazoa;Porifera;Demospongiae;Tetractinomorpha;Spirophorida;Tetillidae;Cinachyrella	yes	cytochrome c oxidase subunit I	Bahamas	0.0	HM032739.1_f0	null	36.8507831822	36.8507831822	Cinachyrella	null	0.0	1	ADO14974.1	4	GI:308125250	cox1	TLYLLF...LMFIG	1.6.3.1
HM032738.1	ACCTTA...GAGTA	null	genomic DNA	Bahamas	HM032738.1_source	taxon:666329	[]	TAU 25623	Cinachyrella	Cinachyrella alloclada	null	mitochondrion	null	null	null	null	null	null	null	null	null	null	Eukaryota;Metazoa;Porifera;Demospongiae;Tetractinomorpha;Spirophorida;Tetillidae;Cinachyrella	yes	cytochrome c oxidase subunit I	Bahamas	0.0	HM032738.1_f0	null	36.6255144033	36.6255144033	Cinachyrella	null	0.0	1	ADO14972.1	4	GI:308125247	cox1	TLYLLF...MFIGV	1.6.3.1
HM629803.1	TTATTT...GGAAG	PCR_primers=fwd_name: 18S-Tetillidae-D1, fwd_seq: atggctcattaaatcagttatag, rev_name: 18S2	genomic DNA	Lebanon	HM629803.1_source	taxon:878253	[]	MHNM 16194	Cinachyrella	Cinachyrella levantinensis	null	null	null	null	null	null	null	null	null	null	null	null	Eukaryota;Metazoa;Porifera;Demospongiae;Tetractinomorpha;Spirophorida;Tetillidae;Cinachyrella	yes	18S ribosomal RNA	Lebanon	0.00181818181818	HM629803.1_f0	null	52.4242424242	52.4242424242	Cinachyrella	null	null	null	null	null	null	null	null	null
JX177866.1	CTATCC...GTTTA	null	genomic DNA	New Zealand	JX177866.1_source	taxon:1200910	[]	NIWA_36097	Craniella	Craniella cf. leptoderma AS-2012	Kelly, Michelle	mitochondrion	null	null	null	null	null	null	null	null	null	null	Eukaryota;Metazoa;Porifera;Demospongiae;Tetractinomorpha;Spirophorida;Tetillidae;Craniella	null	cytochrome c oxidase subunit I	New Zealand	0.0	JX177866.1_f0	null	39.9345335516	39.9345335516	Craniella	null	0.0	1	AFN26014.1	4	GI:393886000	cox1	LSAPGL...GHPEV	null
JX177865.1	GGATTA...GATCC	null	genomic DNA	New Zealand	JX177865.1_source	taxon:1200910	[]	NIWA_28910	Craniella	Craniella cf. leptoderma AS-2012	Kelly, Michelle	mitochondrion	null	null	null	null	null	null	null	null	null	null	Eukaryota;Metazoa;Porifera;Demospongiae;Tetractinomorpha;Spirophorida;Tetillidae;Craniella	null	cytochrome c oxidase subunit I	New Zealand	0.0	JX177865.1_f0	null	40.6533575318	40.6533575318	Craniella	null	0.0	1	AFN26013.1	4	GI:393885998	cox1	GLMLGD...GGGDP	null
JX177863.1	ACTATC...AAGTT	authority: Craniella sagitta (Lendenfeld, 1907)	genomic DNA	New Zealand	JX177863.1_source	taxon:1199254	[]	NIWA_28929	Craniella	Craniella sagitta	Kelly, Michelle	mitochondrion	null	null	null	null	null	null	null	null	null	null	Eukaryota;Metazoa;Porifera;Demospongiae;Tetractinomorpha;Spirophorida;Tetillidae;Craniella	null	cytochrome c oxidase subunit I	New Zealand	0.0	JX177863.1_f0	null	40.0	40.0	Craniella	null	0.0	2	AFN26011.1	4	GI:393885994	cox1	LSAPGL...GHPEV	null
HM592754.1	ATCAAT...TTCGA	null	genomic DNA	Norway	HM592754.1_source	taxon:1006818	[]	ZMBN:85240	Craniella	Craniella sp. PC-2011	Paco Cardenas	null	Paco Cardenas	24-Oct-2007	null	null	null	null	null	null	null	null	Eukaryota;Metazoa;Porifera;Demospongiae;Tetractinomorpha;Spirophorida;Tetillidae;Craniella	null	28S large subunit ribosomal RNA	Norway	0.0	HM592754.1_f0	null	67.1875	67.1875	Craniella	C1-D2 domains	null	null	null	null	null	null	null	null
HM592753.1	ATCAAT...TTCGA	null	genomic DNA	USA: Florida	HM592753.1_source	taxon:263142	[]	ZMBN:81789	Cinachyrella	Cinachyrella apion	Paco Cardenas	null	Tse-Lynn Loh	11-May-2008	null	null	null	null	null	null	null	null	Eukaryota;Metazoa;Porifera;Demospongiae;Tetractinomorpha;Spirophorida;Tetillidae;Cinachyrella	yes	28S large subunit ribosomal RNA	USA: Florida	0.00243309002433	HM592753.1_f0	null	65.2068126521	65.2068126521	Cinachyrella	C1-D2 domains	null	null	null	null	null	null	null	null
KC122679.1	GACCTT...TATTT	color alive: white; field#: PS70/9-4(6); stored at the University of Bergen, Norway	genomic DNA	Norway	KC122679.1_source	taxon:885873	[]	PC252	Craniella	Craniella zetlandica	Paco Cardenas	mitochondrion	Paco Cardenas & Friederike Hoffmann	04-Jun-2007	null	null	fwd_name: lco1490, fwd_seq: ggtcaacaaatcataaagatattgg, rev_name: hco2198, rev_seq: taaacttcagggtgaccaaaaaatca	67.50 N 9.42 E	null	null	null	null	Eukaryota;Metazoa;Porifera;Demospongiae;Tetractinomorpha;Spirophorida;Tetillidae;Craniella	null	cytochrome oxidase subunit I	Norway	0.0	KC122679.1_f0	null	38.7537993921	38.7537993921	Craniella	Folmer fragment	0.0	2	AGE45643.1	4	GI:448871418	COI	TLYLLF...FQHLF	null
NC_010198.1	GATTTA...ACTTA	null	genomic DNA	null	NC_010198.1_source	taxon:458489	[]	null	Cinachyrella	Cinachyrella kuekenthali	null	mitochondrion	null	null	null	null	null	null	sponge	null	null	null	Eukaryota;Metazoa;Porifera;Demospongiae;Tetractinomorpha;Spirophorida;Tetillidae;Cinachyrella	yes	cytochrome c oxidase subunit I	null	0.0	NC_010198.1_f0	null	39.5156150414	39.5156150414	Cinachyrella	null	0.0	1	YP_001648419.1	4	GI:164421124;GeneID:5846723	COX1	MDRLYL...YKGSS	null
HE591469.1	ACTAAG...TTTAG	null	genomic DNA	Norfolk Island:South Norfolk Ridge (Norfanz cruise)	HE591469.1_source	taxon:885876	[]	QMG316372	Craniella	Craniella sp. 3878	John N.A. Hooper	null	null	12-May-2003	null	null	null	null	null	S105	null	null	Eukaryota;Metazoa;Porifera;Demospongiae;Tetractinomorpha;Spirophorida;Tetillidae;Craniella	null	18S ribosomal RNA	Norfolk Island:South Norfolk Ridge (Norfanz cruise)	0.0	HE591469.1_f0	null	51.0180337405	51.0180337405	Craniella	null	null	null	null	null	null	18S rRNA	null	null
HM629802.1	GTAGTC...AACAA	PCR_primers=fwd_name: 18S1, rev_name: 18S2	genomic DNA	Israel: Mediterranean Sea	HM629802.1_source	taxon:878253	[]	TAU 25456	Cinachyrella	Cinachyrella levantinensis	null	null	null	null	null	null	null	null	null	null	null	null	Eukaryota;Metazoa;Porifera;Demospongiae;Tetractinomorpha;Spirophorida;Tetillidae;Cinachyrella	yes	18S ribosomal RNA	Israel: Mediterranean Sea	0.00454029511918	HM629802.1_f0	null	51.3053348468	51.3053348468	Cinachyrella	null	null	null	null	null	null	null	null	null
JQ236883.1	AATGTT...GCCAT	null	genomic DNA	null	JQ236883.1_source	taxon:1137635	[]	null	Paratetilla	Paratetilla sp. KRC-2012	null	mitochondrion	null	null	null	null	null	null	null	null	null	null	Eukaryota;Metazoa;Porifera;Demospongiae;Tetractinomorpha;Spirophorida;Tetillidae;Paratetilla	null	cytochrome c oxidase subunit I	null	0.0	JQ236883.1_f0	null	38.9215686275	38.9215686275	Paratetilla	null	0.0	2	AEZ35212.1	4	GI:374341588	coxI	MLGDDQ...LSMGA	null
JQ236882.1	AATGTT...GCTAT	null	genomic DNA	null	JQ236882.1_source	taxon:1137634	[]	null	Cinachyrella	Cinachyrella sp. 1B KRC-2012	null	mitochondrion	null	null	null	null	null	null	null	null	null	null	Eukaryota;Metazoa;Porifera;Demospongiae;Tetractinomorpha;Spirophorida;Tetillidae;Cinachyrella	yes	cytochrome c oxidase subunit I	null	0.0	JQ236882.1_f0	null	37.6470588235	37.6470588235	Cinachyrella	null	0.0	2	AEZ35210.1	4	GI:374341585	coxI	MLGDDQ...LSMGA	null
JQ236881.1	AATGTT...GCTAT	null	genomic DNA	null	JQ236881.1_source	taxon:1137633	[]	null	Cinachyrella	Cinachyrella sp. 1A KRC-2012	null	mitochondrion	null	null	null	null	null	null	null	null	null	null	Eukaryota;Metazoa;Porifera;Demospongiae;Tetractinomorpha;Spirophorida;Tetillidae;Cinachyrella	yes	cytochrome c oxidase subunit I	null	0.0	JQ236881.1_f0	null	37.7450980392	37.7450980392	Cinachyrella	null	0.0	2	AEZ35208.1	4	GI:374341582	coxI	MLGDDQ...LSMGA	null
EF519603.1	ATGATA...GATCC	null	genomic DNA	null	EF519603.1_source	taxon:458489	[]	K75	Cinachyrella	Cinachyrella kuekenthali	null	mitochondrion	null	null	null	null	null	null	null	null	null	null	Eukaryota;Metazoa;Porifera;Demospongiae;Tetractinomorpha;Spirophorida;Tetillidae;Cinachyrella	yes	cytochrome oxidase subunit I	null	0.0	EF519603.1_f0	null	40.4109589041	40.4109589041	Cinachyrella	null	0.0	1	ABU24891.1	4	GI:155675112	cox1	MIGSGF...TFFDP	null
EF519602.1	ATGATA...GATCC	null	genomic DNA	null	EF519602.1_source	taxon:458489	[]	B79	Cinachyrella	Cinachyrella kuekenthali	null	mitochondrion	null	null	null	null	null	null	null	null	null	null	Eukaryota;Metazoa;Porifera;Demospongiae;Tetractinomorpha;Spirophorida;Tetillidae;Cinachyrella	yes	cytochrome oxidase subunit I	null	0.0	EF519602.1_f0	null	40.2397260274	40.2397260274	Cinachyrella	null	0.0	1	ABU24890.1	4	GI:155675110	cox1	MIGSGF...TFFDP	null
EF519601.1	ATGATA...GATCC	null	genomic DNA	null	EF519601.1_source	taxon:263142	[]	B25	Cinachyrella	Cinachyrella apion	null	mitochondrion	null	null	null	null	null	null	null	null	null	null	Eukaryota;Metazoa;Porifera;Demospongiae;Tetractinomorpha;Spirophorida;Tetillidae;Cinachyrella	yes	cytochrome oxidase subunit I	null	0.0	EF519601.1_f0	null	37.1575342466	37.1575342466	Cinachyrella	null	0.0	1	ABU24889.1	4	GI:155675108	cox1	MIGSGF...TFFDP	null
FJ711646.1	AAAGAT...TTTTG	null	genomic DNA	Panama	FJ711646.1_source	taxon:458489	[]	ZMBN:81787	Cinachyrella	Cinachyrella kuekenthali	Paco Cardenas	mitochondrion	Paco Cardenas	null	null	null	null	null	null	null	null	null	Eukaryota;Metazoa;Porifera;Demospongiae;Tetractinomorpha;Spirophorida;Tetillidae;Cinachyrella	yes	cytochrome c oxidase subunit I	Panama	0.00147275405007	FJ711646.1_f0	null	39.911634757	39.911634757	Cinachyrella	null	0.0	1	ACX55118.1	4	GI:261263556	COI	KDIGTL...LFWFF	null
FJ711645.1	AAAGAT...TTTTG	null	genomic DNA	Panama	FJ711645.1_source	taxon:263142	[]	ZMBN:81785	Cinachyrella	Cinachyrella apion	Paco Cardenas	mitochondrion	Paco Cardenas	null	null	null	null	null	null	null	null	null	Eukaryota;Metazoa;Porifera;Demospongiae;Tetractinomorpha;Spirophorida;Tetillidae;Cinachyrella	yes	cytochrome c oxidase subunit I	Panama	0.0	FJ711645.1_f0	null	36.3770250368	36.3770250368	Cinachyrella	null	0.0	1	ACX55117.1	4	GI:261263554	COI	KDIGTL...LFWFF	null
AF062604.1	GAACTG...TTCGA	null	genomic DNA	null	AF062604.1_source	taxon:76782	[]	null	Cinachyrella	Cinachyrella cf. schulzei	null	null	null	null	null	null	null	null	null	null	null	null	Eukaryota;Metazoa;Porifera;Demospongiae;Tetractinomorpha;Spirophorida;Tetillidae;Cinachyrella	yes	28S ribosomal RNA	null	0.00115473441109	AF062604.1_f0	null	63.9722863741	63.9722863741	Cinachyrella	null	null	null	null	null	null	null	null	null
EU237479.1	GATTTA...ACTTA	null	genomic DNA	null	EU237479.1_source	taxon:458489	[]	null	Cinachyrella	Cinachyrella kuekenthali	null	mitochondrion	null	null	null	null	null	null	null	null	null	null	Eukaryota;Metazoa;Porifera;Demospongiae;Tetractinomorpha;Spirophorida;Tetillidae;Cinachyrella	yes	cytochrome c oxidase subunit 1	null	0.0	EU237479.1_f0	null	39.5156150414	39.5156150414	Cinachyrella	null	0.0	1	ABW83835.1	4	GI:158938906	cox1	MDRLYL...YKGSS	null
EU702414.1	CATATG...AACAA	null	genomic DNA	null	EU702414.1_source	taxon:458489	[]	null	Cinachyrella	Cinachyrella kuekenthali	null	null	null	null	null	null	null	null	null	null	null	null	Eukaryota;Metazoa;Porifera;Demospongiae;Tetractinomorpha;Spirophorida;Tetillidae;Cinachyrella	yes	18S ribosomal RNA	null	0.0	EU702414.1_f0	null	51.6496018203	51.6496018203	Cinachyrella	null	null	null	null	null	null	null	null	null
D15067.1	CTCAAA...GAAGT	null	genomic DNA	null	D15067.1_source	taxon:29776	[]	null	Tetilla	Tetilla japonica	null	null	null	null	null	null	null	null	null	null	null	null	Eukaryota;Metazoa;Porifera;Demospongiae;Tetractinomorpha;Spirophorida;Tetillidae;Tetilla	null	18S ribosomal RNA	null	0.0	D15067.1_f0	null	50.3496503497	50.3496503497	Tetilla	null	null	null	null	null	null	null	null	null
AY734439.1	CCTGCC...CTGCA	null	genomic DNA	null	AY734439.1_source	taxon:295232	[]	sp11	Cinachyrella	Cinachyrella sp. sp11	null	null	null	null	null	null	null	null	null	null	null	null	Eukaryota;Metazoa;Porifera;Demospongiae;Tetractinomorpha;Spirophorida;Tetillidae;Cinachyrella	yes	18S ribosomal RNA	null	0.0	AY734439.1_f0	null	51.6741071429	51.6741071429	Cinachyrella	null	null	null	null	null	null	null	null	null
AY734438.1	CCTGCC...GTGAA	null	genomic DNA	null	AY734438.1_source	taxon:295233	[]	24-XI-02-3-2 N28	Cinachyrella	Cinachyrella sp. 24-XI-02-3-2 N28	null	null	null	null	null	null	null	null	null	null	null	null	Eukaryota;Metazoa;Porifera;Demospongiae;Tetractinomorpha;Spirophorida;Tetillidae;Cinachyrella	yes	18S ribosomal RNA	null	0.0	AY734438.1_f0	null	51.7917133259	51.7917133259	Cinachyrella	null	null	null	null	null	null	null	null	null
AY734437.1	CCTGGT...CTGCA	null	genomic DNA	null	AY734437.1_source	taxon:295230	[]	22-XI-02-1-13 N25	Cinachyrella	Cinachyrella sp. 22-XI-02-1-13 N25	null	null	null	null	null	null	null	null	null	null	null	null	Eukaryota;Metazoa;Porifera;Demospongiae;Tetractinomorpha;Spirophorida;Tetillidae;Cinachyrella	yes	18S ribosomal RNA	null	0.0	AY734437.1_f0	null	51.6648168701	51.6648168701	Cinachyrella	null	null	null	null	null	null	null	null	null
AJ843895.1	TTATAC...TATTT	null	genomic DNA	Bermuda:Flatts Inlet	AJ843895.1_source	taxon:263142	[]	null	Cinachyrella	Cinachyrella apion	null	mitochondrion	null	null	null	null	null	null	null	null	null	null	Eukaryota;Metazoa;Porifera;Demospongiae;Tetractinomorpha;Spirophorida;Tetillidae;Cinachyrella	yes	cytochrome oxidase subunit I	Bermuda:Flatts Inlet	0.0	AJ843895.1_f0	null	36.5443425076	36.5443425076	Cinachyrella	null	0.0	1	CAH59214.1	4	GI:76663994;GOA:Q3LEF0;InterPro:IPR000883;UniProtKB/TrEMBL:Q3LEF0	coi	LYLLFG...FQHLF	null
AJ627186.1	AGTCAT...CAATA	null	genomic DNA	Bermuda	AJ627186.1_source	taxon:263142	[]	null	Cinachyrella	Cinachyrella apion	null	null	null	null	null	null	null	null	null	null	null	null	Eukaryota;Metazoa;Porifera;Demospongiae;Tetractinomorpha;Spirophorida;Tetillidae;Cinachyrella	yes	18S ribosomal RNA	Bermuda	0.0	AJ627186.1_f0	null	51.724137931	51.724137931	Cinachyrella	null	null	null	null	null	null	18S rRNA	null	null
JX177977.1	CTTTAT...GCCCG	authority: Cinachyra barbata Sollas, 1886	genomic DNA	New Zealand	JX177977.1_source	taxon:1199250	[]	NIWA_28877	Cinachyra	Cinachyra barbata	Kelly, Michelle	null	null	null	null	null	null	null	null	null	null	null	Eukaryota;Metazoa;Porifera;Demospongiae;Tetractinomorpha;Spirophorida;Tetillidae;Cinachyra	null	18S ribosomal RNA	New Zealand	0.0	JX177977.1_f0	null	51.4267185473	51.4267185473	Cinachyra	null	null	null	null	null	null	null	null	null
JX177950.1	GATTCC...TTCGA	authority: Cinachyra barbata Sollas, 1886	genomic DNA	New Zealand	JX177950.1_source	taxon:1199250	[]	NIWA_28877	Cinachyra	Cinachyra barbata	Kelly, Michelle	null	null	null	null	null	null	null	null	null	null	null	Eukaryota;Metazoa;Porifera;Demospongiae;Tetractinomorpha;Spirophorida;Tetillidae;Cinachyra	null	28S ribosomal RNA	New Zealand	0.0	JX177950.1_f0	null	62.2929936306	62.2929936306	Cinachyra	C1-D2 region	null	null	null	null	null	null	null	null
JX177949.1	CCTCAG...TTCGA	authority: Cinachyra antarctica (Carter, 1872)	genomic DNA	New Zealand	JX177949.1_source	taxon:1199249	[]	NIWA_28957	Cinachyra	Cinachyra antarctica	Kelly, Michelle	null	null	null	null	null	null	null	null	null	null	null	Eukaryota;Metazoa;Porifera;Demospongiae;Tetractinomorpha;Spirophorida;Tetillidae;Cinachyra	null	28S ribosomal RNA	New Zealand	0.0	JX177949.1_f0	null	62.3076923077	62.3076923077	Cinachyra	C1-D2 region	null	null	null	null	null	null	null	null
JX177914.1	ACCTTA...ATCTA	authority: Cinachyra antarctica (Carter, 1872)	genomic DNA	Antarctica	JX177914.1_source	taxon:1199249	[]	QMG_311149	Cinachyra	Cinachyra antarctica	Hooper, John	mitochondrion	null	null	null	null	null	null	null	null	null	null	Eukaryota;Metazoa;Porifera;Demospongiae;Tetractinomorpha;Spirophorida;Tetillidae;Cinachyra	null	cytochrome c oxidase subunit I	Antarctica	0.0	JX177914.1_f0	null	38.5620915033	38.5620915033	Cinachyra	null	0.0	1	AFM91896.2	4	GI:641542173	cox1	TLYLLF...IFGYL	null
JX177868.2	GCTTGC...TATTT	authority: Cinachyra antarctica (Carter, 1872)	genomic DNA	New Zealand	JX177868.2_source	taxon:1199249	[]	NIWA_28951	Cinachyra	Cinachyra antarctica	Kelly, Michelle	mitochondrion	null	null	null	null	null	null	null	null	null	null	Eukaryota;Metazoa;Porifera;Demospongiae;Tetractinomorpha;Spirophorida;Tetillidae;Cinachyra	null	cytochrome c oxidase subunit I	New Zealand	0.0	JX177868.2_f0	null	39.173553719	39.173553719	Cinachyra	null	0.0	3	AFN26016.3	4	GI:641542074	cox1	LLIRLE...FQHLF	null
JX177867.2	GCTTGC...TATTT	authority: Cinachyra antarctica (Carter, 1872)	genomic DNA	New Zealand	JX177867.2_source	taxon:1199249	[]	NIWA_28957	Cinachyra	Cinachyra antarctica	Kelly, Michelle	mitochondrion	null	null	null	null	null	null	null	null	null	null	Eukaryota;Metazoa;Porifera;Demospongiae;Tetractinomorpha;Spirophorida;Tetillidae;Cinachyra	null	cytochrome c oxidase subunit I	New Zealand	0.0	JX177867.2_f0	null	39.173553719	39.173553719	Cinachyra	null	0.0	3	AFN26015.3	4	GI:641542073	cox1	LLIRLE...FQHLF	null
JX177864.2	TATCCG...GTTTA	authority: Cinachyra barbata Sollas, 1886	genomic DNA	New Zealand	JX177864.2_source	taxon:1199250	[]	NIWA_28877	Cinachyra	Cinachyra barbata	Kelly, Michelle	mitochondrion	null	null	null	null	null	null	null	null	null	null	Eukaryota;Metazoa;Porifera;Demospongiae;Tetractinomorpha;Spirophorida;Tetillidae;Cinachyra	null	cytochrome c oxidase subunit I	New Zealand	0.0	JX177864.2_f0	null	39.1596638655	39.1596638655	Cinachyra	null	0.0	3	AFN26012.3	4	GI:641542072	cox1	SAPGLM...LFPEV	null
AY320032.1	ATGATA...ACTTA	null	genomic DNA	null	AY320032.1_source	taxon:36754	[]	null	Geodia	Geodia neptuni	null	mitochondrion	null	null	null	null	null	null	null	null	null	null	Eukaryota;Metazoa;Porifera;Demospongiae;Tetractinomorpha;Astrophorida;Geodiidae;Geodia	null	cytochrome c oxidase subunit 1	null	0.0	AY320032.1_f0	null	35.3166986564	35.3166986564	Geodia	null	0.0	1	AAP59167.1	4	GI:37961470	cox1	MLYLTR...YKISN	1.9.3.1
AY737635.1	CCTGGT...CTGCA	null	genomic DNA	null	AY737635.1_source	taxon:36754	[]	13-XI-02-2-301 N7	Geodia	Geodia neptuni	null	null	null	null	null	null	null	null	null	null	null	null	Eukaryota;Metazoa;Porifera;Demospongiae;Tetractinomorpha;Astrophorida;Geodiidae;Geodia	null	18S ribosomal RNA	null	0.0	AY737635.1_f0	null	50.9433962264	50.9433962264	Geodia	null	null	null	null	null	null	null	null	null
EF564339.1	AAAGAT...TTTTG	null	genomic DNA	null	EF564339.1_source	taxon:77183	[]	null	Pachymatisma	Pachymatisma johnstonia	null	mitochondrion	null	null	null	PC172	null	null	null	null	null	null	Eukaryota;Metazoa;Porifera;Demospongiae;Tetractinomorpha;Astrophorida;Geodiidae;Pachymatisma	null	cytochrome oxidase subunit I	null	0.0	EF564339.1_f0	null	35.6406480118	35.6406480118	Pachymatisma	null	0.0	1	ABV03846.1	4	GI:157062481	COI	KDIGTL...LFWFF	null
HM592832.1	AGCNAC...CCAGC	null	genomic DNA	Portugal	HM592832.1_source	taxon:77183	[]	ZMA:POR 21442	Pachymatisma	Pachymatisma johnstonia	Joana Xavier	null	Joana Xavier	18-Sep-2005	null	null	null	null	null	null	null	null	Eukaryota;Metazoa;Porifera;Demospongiae;Tetractinomorpha;Astrophorida;Geodiidae;Pachymatisma	null	28S large subunit ribosomal RNA	Portugal	0.0025706940874	HM592832.1_f0	null	66.8380462725	66.8380462725	Pachymatisma	C1-D2 domains	null	null	null	null	null	null	null	null
EU442194.1	GACCTT...TATTC	null	genomic DNA	null	EU442194.1_source	taxon:519541	[]	ZMBN 77922	Geodia	Geodia barretti	null	mitochondrion	null	null	null	null	null	null	null	null	null	null	Eukaryota;Metazoa;Porifera;Demospongiae;Tetractinomorpha;Astrophorida;Geodiidae;Geodia	null	cytochrome oxidase subunit I	null	0.0	EU442194.1_f0	null	37.2340425532	37.2340425532	Geodia	null	0.0	2	ACC68987.1	4	GI:184186394	COI	TLYLLF...FQHLF	null
HM592705.1	AACTTT...TATTC	null	genomic DNA	Italy: Southern Italy	HM592705.1_source	taxon:1006834	[]	MNHN:Porifera, unaccessioned	Calthropella	Calthropella geodioides	Paco Cardenas	mitochondrion	Julie Reveillaud	2007	null	null	null	null	null	null	null	null	Eukaryota;Metazoa;Porifera;Demospongiae;Tetractinomorpha;Astrophorida;Calthropellidae;Calthropella	null	cytochrome c oxidase subunit I	Italy: Southern Italy	0.0	HM592705.1_f0	null	34.8024316109	34.8024316109	Calthropella	null	0.0	2	AEB72070.1	4	GI:329124385	COI	TLYLLF...FQHLF	null
HM592826.1	ATCAAT...TTCGA	null	genomic DNA	Italy: southern Italy	HM592826.1_source	taxon:1006834	[]	MNHN:Porifera, unaccessioned	Calthropella	Calthropella geodioides	Paco Cardenas	null	Julie Reveillaud	2007	null	null	null	null	null	null	null	null	Eukaryota;Metazoa;Porifera;Demospongiae;Tetractinomorpha;Astrophorida;Calthropellidae;Calthropella	null	28S large subunit ribosomal RNA	Italy: southern Italy	0.0	HM592826.1_f0	null	64.3296432964	64.3296432964	Calthropella	C1-D2 domains	null	null	null	null	null	null	null	null
HM592717.1	GACTTT...TATTC	null	genomic DNA	Norway	HM592717.1_source	taxon:1006813	[]	ZMBN:85230	Thenea	Thenea levis	Paco Cardenas	mitochondrion	null	Nov-2008	null	null	null	null	null	null	null	null	Eukaryota;Metazoa;Porifera;Demospongiae;Tetractinomorpha;Astrophorida;Theneidae;Thenea	null	cytochrome c oxidase subunit I	Norway	0.0	HM592717.1_f0	null	39.6656534954	39.6656534954	Thenea	null	0.0	2	AEB72082.1	4	GI:329124409	COI	TLYLLF...FQHLF	null
HM592765.1	ATCAAT...TTCGA	null	genomic DNA	Norway	HM592765.1_source	taxon:1006813	[]	ZMBN:85230	Thenea	Thenea levis	Paco Cardenas	null	null	Nov-2008	null	null	null	null	null	null	null	null	Eukaryota;Metazoa;Porifera;Demospongiae;Tetractinomorpha;Astrophorida;Theneidae;Thenea	null	28S large subunit ribosomal RNA	Norway	0.00123001230012	HM592765.1_f0	null	64.4526445264	64.4526445264	Thenea	C1-D2 domains	null	null	null	null	null	null	null	null
HM592745.1	GACCTT...TATTC	null	genomic DNA	Egypt	HM592745.1_source	taxon:37505	[]	ZMA:POR 16637	Theonella	Theonella swinhoei	Rob van Soest	mitochondrion	D. Youssef	2001	null	null	null	null	null	null	null	null	Eukaryota;Metazoa;Porifera;Demospongiae;Tetractinomorpha;Lithistida;Triaenosina;Theonellidae;Theonella	null	cytochrome c oxidase subunit I	Egypt	0.00151975683891	HM592745.1_f0	null	37.0820668693	37.0820668693	Theonella	null	0.00456621004566	2	AEB72110.1	4	GI:329124465	COI	TLYLLF...FQXLF	null
HM592820.1	ATCAAT...TTCGA	null	genomic DNA	Egypt	HM592820.1_source	taxon:37505	[]	ZMA:POR 16637	Theonella	Theonella swinhoei	Rob van Soest	null	D. Youssef	2001	null	null	null	null	null	null	null	null	Eukaryota;Metazoa;Porifera;Demospongiae;Tetractinomorpha;Lithistida;Triaenosina;Theonellidae;Theonella	null	28S large subunit ribosomal RNA	Egypt	0.0	HM592820.1_f0	null	63.8957816377	63.8957816377	Theonella	C1-D2 domains	null	null	null	null	null	null	null	null
AY348878.1	TCTAAG...AACAA	null	genomic DNA	null	AY348878.1_source	taxon:6047	[]	null	Geodia	Geodia cydonium	null	null	null	null	null	null	null	null	null	null	null	null	Eukaryota;Metazoa;Porifera;Demospongiae;Tetractinomorpha;Astrophorida;Geodiidae;Geodia	null	18S ribosomal RNA	null	0.000580720092915	AY348878.1_f0	null	50.8710801394	50.8710801394	Geodia	null	null	null	null	null	null	null	null	null
denovo0	atGATA...ACAAC	null	null	null	denovo0_source	null	[]	null	null	null	null	null	null	null	null	null	null	null	null	null	NIWA2850	Craniella microsigma cox1	['null']	null	null	null	0.0	denovo0_f0	null	37.3804971319	37.3804971319	null	null	null	null	null	null	null	cox1	null	null
