record_id	seq	source:_feature_id	source:_mol_type	source:_country	source:_note	source:_db_xref	source:_specimen_voucher	source:_organism	source:_identified_by	source:_organelle	source:_collected_by	source:_collection_date	source:_isolate	source:_isolation_source	source:_PCR_primers	source:_lat_lon	source:_common	source:_tissue_lib	source:_original_id	source:_original_desc	taxonomy	product	nuc_degen_prop	feature_id	GC_content	genus	porocalyx	cortex	calthrops	organism	note	prot_degen_prop	codon_start	transl_table	db_xref	translation	gene	protein_id	EC_number
KC902033.1	TAAGCC...ATTTA	KC902033.1_source	genomic DNA	American Samoa	PorToL ID: NCI318	taxon:1342521	0CDN8107-V	Acanthotetilla cf. seychellensis 0CDN8107-V	null	null	null	null	null	null	null	null	null	null	null	null	Eukaryota;Metazoa;Porifera;Demospongiae;Tetractinomorpha;Spirophorida;Tetillidae;Acanthotetilla	small subunit 18S ribosomal RNA	0	KC902033.1_f0	52.0396270396	Acanthotetilla	2	1	1	Acanthotetilla cf. seychellensis 0CDN8107-V	null	null	null	null	null	null	null	null	null
JX177921.1	AGAGCA...GCCAG	JX177921.1_source	genomic DNA	Brazil	authority: Acanthotetilla walteri Peixinho, Fernandez, Oliveira, Caires & Hajdu, 2007	taxon:1199262	UFBA_2021_POR	Acanthotetilla walteri	null	null	null	null	null	null	null	null	null	null	null	null	Eukaryota;Metazoa;Porifera;Demospongiae;Tetractinomorpha;Spirophorida;Tetillidae;Acanthotetilla	28S ribosomal RNA	0	JX177921.1_f0	67.0468948035	Acanthotetilla	2	1	1	Acanthotetilla walteri	C1-D2 region	null	null	null	null	null	null	null	null
JX177920.1	TCCCCC...CCGTT	JX177920.1_source	genomic DNA	Indonesia	authority: Acanthotetilla celebensis de Voogd & van Soest, 2007	taxon:1199261	RMNH_POR_2877	Acanthotetilla celebensis	de Voogd, N.J.	null	null	null	null	null	null	null	null	null	null	null	Eukaryota;Metazoa;Porifera;Demospongiae;Tetractinomorpha;Spirophorida;Tetillidae;Acanthotetilla	28S ribosomal RNA	0.0360902256	JX177920.1_f0	63.9097744361	Acanthotetilla	2	1	1	Acanthotetilla celebensis	C1-D2 region	null	null	null	null	null	null	null	null
JX177911.1	GACCTT...GGTCA	JX177911.1_source	genomic DNA	Brazil	authority: Acanthotetilla walteri Peixinho, Fernandez, Oliveira, Caires & Hajdu, 2007	taxon:1199262	UFBA_2028_POR	Acanthotetilla walteri	null	mitochondrion	null	null	null	null	null	null	null	null	null	null	Eukaryota;Metazoa;Porifera;Demospongiae;Tetractinomorpha;Spirophorida;Tetillidae;Acanthotetilla	cytochrome c oxidase subunit I	0	JX177911.1_f0	40.5963302752	Acanthotetilla	2	1	1	Acanthotetilla walteri	null	0	2	4	GI:392932852	TLYLLF...SILGS	cox1	AFM91893.1	null
JX177909.1	ATTGGG...GCGGC	JX177909.1_source	genomic DNA	Indonesia	authority: Acanthotetilla celebensis de Voogd & van Soest, 2007	taxon:1199261	RMNH_POR_2877	Acanthotetilla celebensis	de Voogd, N.J.	mitochondrion	null	null	null	null	null	null	null	null	null	null	Eukaryota;Metazoa;Porifera;Demospongiae;Tetractinomorpha;Spirophorida;Tetillidae;Acanthotetilla	cytochrome c oxidase subunit I	0	JX177909.1_f0	38.8739946381	Acanthotetilla	2	1	1	Acanthotetilla celebensis	null	0	1	4	GI:392932848	IGTLYL...PTFAA	cox1	AFM91891.1	null
JX177908.1	GGTTAT...GGTGG	JX177908.1_source	genomic DNA	Brazil	authority: Acanthotetilla walteri Peixinho, Fernandez, Oliveira, Caires & Hajdu, 2007	taxon:1199262	UFBA_1897_POR	Acanthotetilla walteri	null	mitochondrion	null	null	null	null	null	null	null	null	null	null	Eukaryota;Metazoa;Porifera;Demospongiae;Tetractinomorpha;Spirophorida;Tetillidae;Acanthotetilla	cytochrome c oxidase subunit I	0	JX177908.1_f0	39.3939393939	Acanthotetilla	2	1	1	Acanthotetilla walteri	null	0	2	4	GI:392932846	VMIGGF...PAGGG	cox1	AFM91890.1	null
JX177907.1	ATTGGG...ATTTA	JX177907.1_source	genomic DNA	Brazil	authority: Acanthotetilla walteri Peixinho, Fernandez, Oliveira, Caires & Hajdu, 2007	taxon:1199262	UFBA_2021_POR	Acanthotetilla walteri	null	mitochondrion	null	null	null	null	null	null	null	null	null	null	Eukaryota;Metazoa;Porifera;Demospongiae;Tetractinomorpha;Spirophorida;Tetillidae;Acanthotetilla	cytochrome c oxidase subunit I	0	JX177907.1_f0	38.1322957198	Acanthotetilla	2	1	1	Acanthotetilla walteri	null	0	1	4	GI:392932844	IGTLYL...IFGYL	cox1	AFM91889.1	null
JX177929.1	AAAGCA...TTCGA	JX177929.1_source	genomic DNA	Australia	null	taxon:1200911	SAM_S1189	Amphitethya cf. microsigma AS-2012	Sorokin, S.	null	null	null	null	null	null	null	null	null	null	null	Eukaryota;Metazoa;Porifera;Demospongiae;Tetractinomorpha;Spirophorida;Tetillidae;Amphitethya	28S ribosomal RNA	0.0087064677	JX177929.1_f0	65.2985074627	Amphitethya	2	1	1	Amphitethya cf. microsigma AS-2012	C1-D2 region	null	null	null	null	null	null	null	null
JX177910.1	GACCTT...TCTAG	JX177910.1_source	genomic DNA	Australia	authority: Amphitethya cf. microsigma AS-2012 Lendenfeld, 1907	taxon:1200911	SAM_S1189	Amphitethya cf. microsigma AS-2012	Sorokin, S.	mitochondrion	null	null	null	null	null	null	null	null	null	null	Eukaryota;Metazoa;Porifera;Demospongiae;Tetractinomorpha;Spirophorida;Tetillidae;Amphitethya	cytochrome c oxidase subunit I	0	JX177910.1_f0	38.591916558	Amphitethya	2	1	1	Amphitethya cf. microsigma AS-2012	null	0	2	4	GI:392932850	TLYLLF...IFGYL	cox1	AFM91892.1	null
JX177977.1	CTTTAT...GCCCG	JX177977.1_source	genomic DNA	New Zealand	authority: Cinachyra barbata Sollas, 1886	taxon:1199250	NIWA_28877	Cinachyra barbata	Kelly, Michelle	null	null	null	null	null	null	null	null	null	null	null	Eukaryota;Metazoa;Porifera;Demospongiae;Tetractinomorpha;Spirophorida;Tetillidae;Cinachyra	18S ribosomal RNA	0	JX177977.1_f0	51.4267185473	Cinachyra	2	2	1	Cinachyra barbata	null	null	null	null	null	null	null	null	null
JX177950.1	GATTCC...TTCGA	JX177950.1_source	genomic DNA	New Zealand	authority: Cinachyra barbata Sollas, 1886	taxon:1199250	NIWA_28877	Cinachyra barbata	Kelly, Michelle	null	null	null	null	null	null	null	null	null	null	null	Eukaryota;Metazoa;Porifera;Demospongiae;Tetractinomorpha;Spirophorida;Tetillidae;Cinachyra	28S ribosomal RNA	0	JX177950.1_f0	62.2929936306	Cinachyra	2	2	1	Cinachyra barbata	C1-D2 region	null	null	null	null	null	null	null	null
JX177949.1	CCTCAG...TTCGA	JX177949.1_source	genomic DNA	New Zealand	authority: Cinachyra antarctica (Carter, 1872)	taxon:1199249	NIWA_28957	Cinachyra antarctica	Kelly, Michelle	null	null	null	null	null	null	null	null	null	null	null	Eukaryota;Metazoa;Porifera;Demospongiae;Tetractinomorpha;Spirophorida;Tetillidae;Cinachyra	28S ribosomal RNA	0	JX177949.1_f0	62.3076923077	Cinachyra	2	2	1	Cinachyra antarctica	C1-D2 region	null	null	null	null	null	null	null	null
JX177914.1	ACCTTA...ATCTA	JX177914.1_source	genomic DNA	Antarctica	authority: Cinachyra antarctica (Carter, 1872)	taxon:1199249	QMG_311149	Cinachyra antarctica	Hooper, John	mitochondrion	null	null	null	null	null	null	null	null	null	null	Eukaryota;Metazoa;Porifera;Demospongiae;Tetractinomorpha;Spirophorida;Tetillidae;Cinachyra	cytochrome c oxidase subunit I	0	JX177914.1_f0	38.5620915033	Cinachyra	2	2	1	Cinachyra antarctica	null	0	1	4	GI:641542173	TLYLLF...IFGYL	cox1	AFM91896.2	null
JX177868.2	GCTTGC...TATTT	JX177868.2_source	genomic DNA	New Zealand	authority: Cinachyra antarctica (Carter, 1872)	taxon:1199249	NIWA_28951	Cinachyra antarctica	Kelly, Michelle	mitochondrion	null	null	null	null	null	null	null	null	null	null	Eukaryota;Metazoa;Porifera;Demospongiae;Tetractinomorpha;Spirophorida;Tetillidae;Cinachyra	cytochrome c oxidase subunit I	0	JX177868.2_f0	39.173553719	Cinachyra	2	2	1	Cinachyra antarctica	null	0	3	4	GI:641542074	LLIRLE...FQHLF	cox1	AFN26016.3	null
JX177867.2	GCTTGC...TATTT	JX177867.2_source	genomic DNA	New Zealand	authority: Cinachyra antarctica (Carter, 1872)	taxon:1199249	NIWA_28957	Cinachyra antarctica	Kelly, Michelle	mitochondrion	null	null	null	null	null	null	null	null	null	null	Eukaryota;Metazoa;Porifera;Demospongiae;Tetractinomorpha;Spirophorida;Tetillidae;Cinachyra	cytochrome c oxidase subunit I	0	JX177867.2_f0	39.173553719	Cinachyra	2	2	1	Cinachyra antarctica	null	0	3	4	GI:641542073	LLIRLE...FQHLF	cox1	AFN26015.3	null
JX177864.2	TATCCG...GTTTA	JX177864.2_source	genomic DNA	New Zealand	authority: Cinachyra barbata Sollas, 1886	taxon:1199250	NIWA_28877	Cinachyra barbata	Kelly, Michelle	mitochondrion	null	null	null	null	null	null	null	null	null	null	Eukaryota;Metazoa;Porifera;Demospongiae;Tetractinomorpha;Spirophorida;Tetillidae;Cinachyra	cytochrome c oxidase subunit I	0	JX177864.2_f0	39.1596638655	Cinachyra	2	2	1	Cinachyra barbata	null	0	3	4	GI:641542072	SAPGLM...LFPEV	cox1	AFN26012.3	null
KC902343.1	GTCTCA...ATTTA	KC902343.1_source	genomic DNA	Australia	PorToL ID: NCI376	taxon:1342549	0M9H2022-P	Cinachyrella cf. paterifera 0M9H2022-P	null	null	null	null	null	null	null	null	null	null	null	null	Eukaryota;Metazoa;Porifera;Demospongiae;Tetractinomorpha;Spirophorida;Tetillidae;Cinachyrella	small subunit 18S ribosomal RNA	0	KC902343.1_f0	52.0833333333	Cinachyrella	2	1	1	Cinachyrella cf. paterifera 0M9H2022-P	null	null	null	null	null	null	null	null	null
KC902290.1	TATGAA...ATTTA	KC902290.1_source	genomic DNA	Panama: Bocas del Toro, Buoy 19	PorToL ID: P79	taxon:458489	USNM_1133786	Cinachyrella kuekenthali	null	null	null	null	null	null	null	null	null	null	null	null	Eukaryota;Metazoa;Porifera;Demospongiae;Tetractinomorpha;Spirophorida;Tetillidae;Cinachyrella	small subunit 18S ribosomal RNA	0.0005892752	KC902290.1_f0	51.9740718916	Cinachyrella	2	1	1	Cinachyrella kuekenthali	null	null	null	null	null	null	null	null	null
KC902264.1	GTCTCA...ATTTA	KC902264.1_source	genomic DNA	USA	PorToL ID: NCI341	taxon:666329	0M9G1250-W	Cinachyrella alloclada	null	null	null	null	null	null	null	null	null	null	null	null	Eukaryota;Metazoa;Porifera;Demospongiae;Tetractinomorpha;Spirophorida;Tetillidae;Cinachyrella	small subunit 18S ribosomal RNA	0.0005790388	KC902264.1_f0	51.8818760857	Cinachyrella	2	1	1	Cinachyrella alloclada	null	null	null	null	null	null	null	null	null
KC902189.1	GTCTCA...ATTTA	KC902189.1_source	genomic DNA	Panama: Bocas del Toro, Dolphin Rock	PorToL ID: P12x320	taxon:1342551	USNM_1204829	Cinachyrella sp. USNM 1204829	null	null	null	null	null	null	null	null	null	null	null	null	Eukaryota;Metazoa;Porifera;Demospongiae;Tetractinomorpha;Spirophorida;Tetillidae;Cinachyrella	small subunit 18S ribosomal RNA	0	KC902189.1_f0	51.9397799653	Cinachyrella	2	1	1	Cinachyrella sp. USNM 1204829	null	null	null	null	null	null	null	null	null
KC902108.1	AGTATG...ATTTA	KC902108.1_source	genomic DNA	Panama: Bocas del Toro, Wild Cane Cay	PorToL ID: P123	taxon:666329	USNM_1133831	Cinachyrella alloclada	null	null	null	null	null	null	null	null	null	null	null	null	Eukaryota;Metazoa;Porifera;Demospongiae;Tetractinomorpha;Spirophorida;Tetillidae;Cinachyrella	small subunit 18S ribosomal RNA	0	KC902108.1_f0	52.0894643908	Cinachyrella	2	1	1	Cinachyrella alloclada	null	null	null	null	null	null	null	null	null
KC901899.1	GTCTCA...ATTTA	KC901899.1_source	genomic DNA	Panama: Bocas del Toro, Las Cuevas	PorToL ID: P12x317	taxon:1342550	USNM_1204826	Cinachyrella sp. USNM 1204826	null	null	null	null	null	null	null	null	null	null	null	null	Eukaryota;Metazoa;Porifera;Demospongiae;Tetractinomorpha;Spirophorida;Tetillidae;Cinachyrella	small subunit 18S ribosomal RNA	0	KC901899.1_f0	51.9397799653	Cinachyrella	2	1	1	Cinachyrella sp. USNM 1204826	null	null	null	null	null	null	null	null	null
JX177973.1	CATGGA...GACAA	JX177973.1_source	genomic DNA	Australia	authority: Cinachyrella schulzei (Keller, 1891)	taxon:885871	QMG_320143	Cinachyrella schulzei	Hooper, John	null	null	null	null	null	null	null	null	null	null	null	Eukaryota;Metazoa;Porifera;Demospongiae;Tetractinomorpha;Spirophorida;Tetillidae;Cinachyrella	18S ribosomal RNA	0	JX177973.1_f0	52.1739130435	Cinachyrella	2	1	1	Cinachyrella schulzei	null	null	null	null	null	null	null	null	null
JX177971.1	ATAAGC...TTTAG	JX177971.1_source	genomic DNA	Australia	authority: Cinachyrella schulzei (Keller, 1891)	taxon:885871	QMG_320636	Cinachyrella schulzei	Hooper, John	null	null	null	null	null	null	null	null	null	null	null	Eukaryota;Metazoa;Porifera;Demospongiae;Tetractinomorpha;Spirophorida;Tetillidae;Cinachyrella	18S ribosomal RNA	0	JX177971.1_f0	52.123327516	Cinachyrella	2	1	1	Cinachyrella schulzei	null	null	null	null	null	null	null	null	null
JX177970.1	CCATGC...TTAGA	JX177970.1_source	genomic DNA	Israel	authority: Cinachyrella levantinensis Vacelet, Bitar, Carteron, Zibrowius & Perez, 2007	taxon:878253	TAU_25529	Cinachyrella levantinensis	Ilan, Micha	null	null	null	null	null	null	null	null	null	null	null	Eukaryota;Metazoa;Porifera;Demospongiae;Tetractinomorpha;Spirophorida;Tetillidae;Cinachyrella	18S ribosomal RNA	0	JX177970.1_f0	51.9556333917	Cinachyrella	2	1	1	Cinachyrella levantinensis	null	null	null	null	null	null	null	null	null
JX177969.1	AAAGCC...TTTAG	JX177969.1_source	genomic DNA	Israel	authority: Cinachyrella levantinensis Vacelet, Bitar, Carteron, Zibrowius & Perez, 2007	taxon:878253	TAU_25568	Cinachyrella levantinensis	Ilan, Micha	null	null	null	null	null	null	null	null	null	null	null	Eukaryota;Metazoa;Porifera;Demospongiae;Tetractinomorpha;Spirophorida;Tetillidae;Cinachyrella	18S ribosomal RNA	0	JX177969.1_f0	51.9230769231	Cinachyrella	2	1	1	Cinachyrella levantinensis	null	null	null	null	null	null	null	null	null
JX177968.1	TACTGT...ATTTC	JX177968.1_source	genomic DNA	Australia	authority: Cinachyrella australiensis (Carter, 1886)	taxon:885870	QMG_320656	Cinachyrella australiensis	Hooper, John	null	null	null	null	null	null	null	null	null	null	null	Eukaryota;Metazoa;Porifera;Demospongiae;Tetractinomorpha;Spirophorida;Tetillidae;Cinachyrella	18S ribosomal RNA	0	JX177968.1_f0	52.4441762221	Cinachyrella	2	1	1	Cinachyrella australiensis	null	null	null	null	null	null	null	null	null
JX177967.1	AAGCCA...TTTAG	JX177967.1_source	genomic DNA	Australia	authority: Cinachyrella australiensis (Carter, 1886)	taxon:885870	QMG_320656	Cinachyrella australiensis	Hooper, John	null	null	null	null	null	null	null	null	null	null	null	Eukaryota;Metazoa;Porifera;Demospongiae;Tetractinomorpha;Spirophorida;Tetillidae;Cinachyrella	18S ribosomal RNA	0	JX177967.1_f0	52.0979020979	Cinachyrella	2	1	1	Cinachyrella australiensis	null	null	null	null	null	null	null	null	null
JX177966.1	AAATCA...GATTT	JX177966.1_source	genomic DNA	Australia	authority: Cinachyrella australiensis (Carter, 1886)	taxon:885870	QMG_320216	Cinachyrella australiensis	Hooper, John	null	null	null	null	null	null	null	null	null	null	null	Eukaryota;Metazoa;Porifera;Demospongiae;Tetractinomorpha;Spirophorida;Tetillidae;Cinachyrella	18S ribosomal RNA	0	JX177966.1_f0	52.5766871166	Cinachyrella	2	1	1	Cinachyrella australiensis	null	null	null	null	null	null	null	null	null
JX177965.1	GTAATT...GCCCT	JX177965.1_source	genomic DNA	Panama	authority: Cinachyrella alloclada (Uliczka, 1929)	taxon:666329	DH_S271	Cinachyrella alloclada	Ilan, Micha	null	null	null	null	null	null	null	null	null	null	null	Eukaryota;Metazoa;Porifera;Demospongiae;Tetractinomorpha;Spirophorida;Tetillidae;Cinachyrella	18S ribosomal RNA	0	JX177965.1_f0	52.7553763441	Cinachyrella	2	1	1	Cinachyrella alloclada	null	null	null	null	null	null	null	null	null
JX177964.1	CTTGCT...TTACG	JX177964.1_source	genomic DNA	Tanzania	null	taxon:1199258	MI_M728	Cinachyrella sp. MI-2012	Ilan, Micha	null	null	null	null	null	null	null	null	null	null	null	Eukaryota;Metazoa;Porifera;Demospongiae;Tetractinomorpha;Spirophorida;Tetillidae;Cinachyrella	18S ribosomal RNA	0	JX177964.1_f0	52.5016677785	Cinachyrella	2	1	1	Cinachyrella sp. MI-2012	null	null	null	null	null	null	null	null	null
JX177963.1	CTGCGA...AATGG	JX177963.1_source	genomic DNA	Australia	null	taxon:885874	QMG_320270	Cinachyrella sp. 3473	Hooper, John	null	null	null	null	null	null	null	null	null	null	null	Eukaryota;Metazoa;Porifera;Demospongiae;Tetractinomorpha;Spirophorida;Tetillidae;Cinachyrella	18S ribosomal RNA	0	JX177963.1_f0	52.1383647799	Cinachyrella	2	1	1	Cinachyrella sp. 3473	null	null	null	null	null	null	null	null	null
JX177962.1	GGATAA...CTGCC	JX177962.1_source	genomic DNA	Tanzania	null	taxon:1199258	MI_M761	Cinachyrella sp. MI-2012	Ilan, Micha	null	null	null	null	null	null	null	null	null	null	null	Eukaryota;Metazoa;Porifera;Demospongiae;Tetractinomorpha;Spirophorida;Tetillidae;Cinachyrella	18S ribosomal RNA	0	JX177962.1_f0	52.7054108216	Cinachyrella	2	1	1	Cinachyrella sp. MI-2012	null	null	null	null	null	null	null	null	null
JX177941.1	AAGAGC...TTCGA	JX177941.1_source	genomic DNA	Lebanon	authority: Cinachyrella levantinensis Vacelet, Bitar, Carteron, Zibrowius & Perez, 2007	taxon:878253	MHNM_16194	Cinachyrella levantinensis	Vacelet, Jean	null	null	null	null	null	null	null	null	null	null	null	Eukaryota;Metazoa;Porifera;Demospongiae;Tetractinomorpha;Spirophorida;Tetillidae;Cinachyrella	28S ribosomal RNA	0	JX177941.1_f0	66.958698373	Cinachyrella	2	1	1	Cinachyrella levantinensis	C1-D2 region	null	null	null	null	null	null	null	null
JX177940.1	AGAGCA...GGCGA	JX177940.1_source	genomic DNA	Israel	authority: Cinachyrella levantinensis Vacelet, Bitar, Carteron, Zibrowius & Perez, 2007	taxon:878253	TAU_25568	Cinachyrella levantinensis	Ilan, Micha	null	null	null	null	null	null	null	null	null	null	null	Eukaryota;Metazoa;Porifera;Demospongiae;Tetractinomorpha;Spirophorida;Tetillidae;Cinachyrella	28S ribosomal RNA	0	JX177940.1_f0	64.380952381	Cinachyrella	2	1	1	Cinachyrella levantinensis	C1-D2 region	null	null	null	null	null	null	null	null
JX177939.1	AGAGCA...TTCGA	JX177939.1_source	genomic DNA	Israel	authority: Cinachyrella levantinensis Vacelet, Bitar, Carteron, Zibrowius & Perez, 2007	taxon:878253	TAU_25529	Cinachyrella levantinensis	Ilan, Micha	null	null	null	null	null	null	null	null	null	null	null	Eukaryota;Metazoa;Porifera;Demospongiae;Tetractinomorpha;Spirophorida;Tetillidae;Cinachyrella	28S ribosomal RNA	0	JX177939.1_f0	67.0012547051	Cinachyrella	2	1	1	Cinachyrella levantinensis	C1-D2 region	null	null	null	null	null	null	null	null
JX177938.1	AGAGCA...TTCGA	JX177938.1_source	genomic DNA	Israel	authority: Cinachyrella levantinensis Vacelet, Bitar, Carteron, Zibrowius & Perez, 2007	taxon:878253	DH_S124	Cinachyrella levantinensis	Ilan, Micha	null	null	null	null	null	null	null	null	null	null	null	Eukaryota;Metazoa;Porifera;Demospongiae;Tetractinomorpha;Spirophorida;Tetillidae;Cinachyrella	28S ribosomal RNA	0.0050188206	JX177938.1_f0	66.7503136763	Cinachyrella	2	1	1	Cinachyrella levantinensis	C1-D2 region	null	null	null	null	null	null	null	null
JX177937.1	ATTCCC...GCGAG	JX177937.1_source	genomic DNA	Indonesia	authority: Cinachyrella australiensis (Carter, 1886)	taxon:885870	LB_647	Cinachyrella australiensis	Becking, L.	null	null	null	null	null	null	null	null	null	null	null	Eukaryota;Metazoa;Porifera;Demospongiae;Tetractinomorpha;Spirophorida;Tetillidae;Cinachyrella	28S ribosomal RNA	0	JX177937.1_f0	62.4266144814	Cinachyrella	2	1	1	Cinachyrella australiensis	C1-D2 region	null	null	null	null	null	null	null	null
JX177936.1	CCCCAG...CCGTT	JX177936.1_source	genomic DNA	Indonesia	authority: Cinachyrella paterifera (Wilson, 1925)	taxon:1199252	LB_113	Cinachyrella paterifera	Becking, L.	null	null	null	null	null	null	null	null	null	null	null	Eukaryota;Metazoa;Porifera;Demospongiae;Tetractinomorpha;Spirophorida;Tetillidae;Cinachyrella	28S ribosomal RNA	0.0014992504	JX177936.1_f0	65.8170914543	Cinachyrella	2	1	1	Cinachyrella paterifera	C1-D2 region	null	null	null	null	null	null	null	null
JX177935.1	AGAGCA...TTCGA	JX177935.1_source	genomic DNA	Panama	authority: Cinachyrella alloclada (Uliczka, 1929)	taxon:666329	DH_S271	Cinachyrella alloclada	Ilan, Micha	null	null	null	null	null	null	null	null	null	null	null	Eukaryota;Metazoa;Porifera;Demospongiae;Tetractinomorpha;Spirophorida;Tetillidae;Cinachyrella	28S ribosomal RNA	0	JX177935.1_f0	65.543071161	Cinachyrella	2	1	1	Cinachyrella alloclada	C1-D2 region	null	null	null	null	null	null	null	null
JX177934.1	CCCCAG...GGACG	JX177934.1_source	genomic DNA	Indonesia	authority: Cinachyrella anomala (Dendy, 1905)	taxon:1199251	LB_45	Cinachyrella anomala	Becking, L.	null	null	null	null	null	null	null	null	null	null	null	Eukaryota;Metazoa;Porifera;Demospongiae;Tetractinomorpha;Spirophorida;Tetillidae;Cinachyrella	28S ribosomal RNA	0	JX177934.1_f0	63.6186770428	Cinachyrella	2	1	1	Cinachyrella anomala	C1-D2 region	null	null	null	null	null	null	null	null
JX177933.1	CAGGAT...GAGCC	JX177933.1_source	genomic DNA	Indonesia	authority: Cinachyrella anomala (Dendy, 1905)	taxon:1199251	LB_1756	Cinachyrella anomala	Becking, L.	null	null	null	null	null	null	null	null	null	null	null	Eukaryota;Metazoa;Porifera;Demospongiae;Tetractinomorpha;Spirophorida;Tetillidae;Cinachyrella	28S ribosomal RNA	0	JX177933.1_f0	66.4948453608	Cinachyrella	2	1	1	Cinachyrella anomala	C1-D2 region	null	null	null	null	null	null	null	null
JX177932.1	AGAGCA...TTCGA	JX177932.1_source	genomic DNA	Australia	authority: Cinachyrella australiensis (Carter, 1886)	taxon:885870	LB_817	Cinachyrella australiensis	Becking, L.	null	null	null	null	null	null	null	null	null	null	null	Eukaryota;Metazoa;Porifera;Demospongiae;Tetractinomorpha;Spirophorida;Tetillidae;Cinachyrella	28S ribosomal RNA	0	JX177932.1_f0	65.4702970297	Cinachyrella	2	1	1	Cinachyrella australiensis	C1-D2 region	null	null	null	null	null	null	null	null
JX177931.1	AGAGCA...TTCGA	JX177931.1_source	genomic DNA	Australia	null	taxon:885874	QMG_320270	Cinachyrella sp. 3473	Hooper, John	null	null	null	null	null	null	null	null	null	null	null	Eukaryota;Metazoa;Porifera;Demospongiae;Tetractinomorpha;Spirophorida;Tetillidae;Cinachyrella	28S ribosomal RNA	0	JX177931.1_f0	65.4702970297	Cinachyrella	2	1	1	Cinachyrella sp. 3473	C1-D2 region	null	null	null	null	null	null	null	null
JX177930.1	ATCAAT...GCGGA	JX177930.1_source	genomic DNA	Australia	authority: Cinachyrella australiensis (Carter, 1886)	taxon:885870	QMG_321405	Cinachyrella australiensis	Hooper, John	null	null	null	null	null	null	null	null	null	null	null	Eukaryota;Metazoa;Porifera;Demospongiae;Tetractinomorpha;Spirophorida;Tetillidae;Cinachyrella	28S ribosomal RNA	0.0041666667	JX177930.1_f0	58.9583333333	Cinachyrella	2	1	1	Cinachyrella australiensis	C1-D2 region	null	null	null	null	null	null	null	null
JX177928.1	CCCCAG...CCGGC	JX177928.1_source	genomic DNA	Indonesia	authority: Cinachyrella australiensis (Carter, 1886)	taxon:885870	LB_664	Cinachyrella australiensis	Becking, L.	null	null	null	null	null	null	null	null	null	null	null	Eukaryota;Metazoa;Porifera;Demospongiae;Tetractinomorpha;Spirophorida;Tetillidae;Cinachyrella	28S ribosomal RNA	0	JX177928.1_f0	63.6217948718	Cinachyrella	2	1	1	Cinachyrella australiensis	C1-D2 region	null	null	null	null	null	null	null	null
JX177922.1	TCAATA...GCTTC	JX177922.1_source	genomic DNA	Australia	authority: Cinachyrella schulzei (Keller, 1891)	taxon:885871	QMG_320143	Cinachyrella schulzei	Hooper, John	null	null	null	null	null	null	null	null	null	null	null	Eukaryota;Metazoa;Porifera;Demospongiae;Tetractinomorpha;Spirophorida;Tetillidae;Cinachyrella	28S ribosomal RNA	0	JX177922.1_f0	65.9259259259	Cinachyrella	2	1	1	Cinachyrella schulzei	C1-D2 region	null	null	null	null	null	null	null	null
JX177913.1	TATGAT...ATTAT	JX177913.1_source	genomic DNA	Panama	authority: Cinachyrella alloclada (Uliczka, 1929)	taxon:666329	DH_S271	Cinachyrella alloclada	Ilan, Micha	mitochondrion	null	null	null	null	null	null	null	null	null	null	Eukaryota;Metazoa;Porifera;Demospongiae;Tetractinomorpha;Spirophorida;Tetillidae;Cinachyrella	cytochrome c oxidase subunit I	0	JX177913.1_f0	37.2850678733	Cinachyrella	2	1	1	Cinachyrella alloclada	null	0	2	4	GI:392932856	MIGSGF...GGVYY	cox1	AFM91895.1	null
JX177906.1	TATGAT...GAGTA	JX177906.1_source	genomic DNA	Israel	authority: Cinachyrella levantinensis Vacelet, Bitar, Carteron, Zibrowius & Perez, 2007	taxon:878253	TAU_25529	Cinachyrella levantinensis	Ilan, Micha	mitochondrion	null	null	null	null	null	null	null	null	null	null	Eukaryota;Metazoa;Porifera;Demospongiae;Tetractinomorpha;Spirophorida;Tetillidae;Cinachyrella	cytochrome c oxidase subunit I	0	JX177906.1_f0	38.0388841927	Cinachyrella	2	1	1	Cinachyrella levantinensis	null	0	2	4	GI:392932842	MIGTGF...MFIGV	cox1	AFM91888.1	null
JX177905.1	GATAGG...GAGTA	JX177905.1_source	genomic DNA	Lebanon	authority: Cinachyrella levantinensis Vacelet, Bitar, Carteron, Zibrowius & Perez, 2007	taxon:878253	MHNM_16194	Cinachyrella levantinensis	Vacelet, Jean	mitochondrion	null	null	null	null	null	null	null	null	null	null	Eukaryota;Metazoa;Porifera;Demospongiae;Tetractinomorpha;Spirophorida;Tetillidae;Cinachyrella	cytochrome c oxidase subunit I	0	JX177905.1_f0	38.1355932203	Cinachyrella	2	1	1	Cinachyrella levantinensis	null	0	2	4	GI:392932840	IGTGFS...MFIGV	cox1	AFM91887.1	null
JX177904.1	TATGAT...GAGTA	JX177904.1_source	genomic DNA	Israel	authority: Cinachyrella levantinensis Vacelet, Bitar, Carteron, Zibrowius & Perez, 2007	taxon:878253	TAU_25568	Cinachyrella levantinensis	Ilan, Micha	mitochondrion	null	null	null	null	null	null	null	null	null	null	Eukaryota;Metazoa;Porifera;Demospongiae;Tetractinomorpha;Spirophorida;Tetillidae;Cinachyrella	cytochrome c oxidase subunit I	0	JX177904.1_f0	38.0388841927	Cinachyrella	2	1	1	Cinachyrella levantinensis	null	0	2	4	GI:392932838	MIGTGF...MFIGV	cox1	AFM91886.1	null
JX177903.1	GATAGG...GAGTA	JX177903.1_source	genomic DNA	Israel	authority: Cinachyrella levantinensis Vacelet, Bitar, Carteron, Zibrowius & Perez, 2007	taxon:878253	DH_S124	Cinachyrella levantinensis	Ilan, Micha	mitochondrion	null	null	null	null	null	null	null	null	null	null	Eukaryota;Metazoa;Porifera;Demospongiae;Tetractinomorpha;Spirophorida;Tetillidae;Cinachyrella	cytochrome c oxidase subunit I	0	JX177903.1_f0	38.1355932203	Cinachyrella	2	1	1	Cinachyrella levantinensis	null	0	2	4	GI:392932836	IGTGFS...MFIGV	cox1	AFM91885.1	null
JX177902.1	CCCTTT...AAATA	JX177902.1_source	genomic DNA	Australia	authority: Cinachyrella australiensis (Carter, 1886)	taxon:885870	QMG_320216	Cinachyrella australiensis	Hooper, John	mitochondrion	null	null	null	null	null	null	null	null	null	null	Eukaryota;Metazoa;Porifera;Demospongiae;Tetractinomorpha;Spirophorida;Tetillidae;Cinachyrella	cytochrome c oxidase subunit I	0	JX177902.1_f0	41.2234042553	Cinachyrella	2	1	1	Cinachyrella australiensis	null	0	3	4	GI:392932834	LYLLFG...AKKQI	cox1	AFM91884.1	null
JX177890.1	TTCTTA...AGAAA	JX177890.1_source	genomic DNA	Indonesia	authority: Cinachyrella paterifera (Wilson, 1925)	taxon:1199252	LB_113	Cinachyrella paterifera	Becking, Leontine E.	mitochondrion	null	null	null	null	null	null	null	null	null	null	Eukaryota;Metazoa;Porifera;Demospongiae;Tetractinomorpha;Spirophorida;Tetillidae;Cinachyrella	cytochrome c oxidase subunit I	0	JX177890.1_f0	39.0909090909	Cinachyrella	2	1	1	Cinachyrella paterifera	null	0	1	4	GI:392932810	FLVMPV...LLTDR	cox1	AFM91872.1	null
JX177889.1	TTCTTA...AGAAA	JX177889.1_source	genomic DNA	Indonesia	authority: Cinachyrella paterifera (Wilson, 1925)	taxon:1199252	LB_112	Cinachyrella paterifera	Becking, Leontine E.	mitochondrion	null	null	null	null	null	null	null	null	null	null	Eukaryota;Metazoa;Porifera;Demospongiae;Tetractinomorpha;Spirophorida;Tetillidae;Cinachyrella	cytochrome c oxidase subunit I	0	JX177889.1_f0	39.0909090909	Cinachyrella	2	1	1	Cinachyrella paterifera	null	0	1	4	GI:392932808	FLVMPV...LLTDR	cox1	AFM91871.1	null
JX177888.1	TTGGGG...CTATG	JX177888.1_source	genomic DNA	Indonesia	authority: Cinachyrella anomala (Dendy, 1905)	taxon:1199251	LB_913	Cinachyrella anomala	Becking, Leontine E.	mitochondrion	null	null	null	null	null	null	null	null	null	null	Eukaryota;Metazoa;Porifera;Demospongiae;Tetractinomorpha;Spirophorida;Tetillidae;Cinachyrella	cytochrome c oxidase subunit I	0	JX177888.1_f0	38.0952380952	Cinachyrella	2	1	1	Cinachyrella anomala	null	0	1	4	GI:392932806	LGDDQL...GAITM	cox1	AFM91870.1	null
JX177887.1	TTGGGG...AGAAA	JX177887.1_source	genomic DNA	Indonesia	authority: Cinachyrella anomala (Dendy, 1905)	taxon:1199251	LB_1750	Cinachyrella anomala	Becking, Leontine E.	mitochondrion	null	null	null	null	null	null	null	null	null	null	Eukaryota;Metazoa;Porifera;Demospongiae;Tetractinomorpha;Spirophorida;Tetillidae;Cinachyrella	cytochrome c oxidase subunit I	0	JX177887.1_f0	37.6	Cinachyrella	2	1	1	Cinachyrella anomala	null	0	1	4	GI:392932804	LGDDQL...LLTDR	cox1	AFM91869.1	null
JX177886.1	TTGGGG...AGAAA	JX177886.1_source	genomic DNA	Indonesia	authority: Cinachyrella anomala (Dendy, 1905)	taxon:1199251	LB_1756	Cinachyrella anomala	Becking, Leontine E.	mitochondrion	null	null	null	null	null	null	null	null	null	null	Eukaryota;Metazoa;Porifera;Demospongiae;Tetractinomorpha;Spirophorida;Tetillidae;Cinachyrella	cytochrome c oxidase subunit I	0	JX177886.1_f0	38.6	Cinachyrella	2	1	1	Cinachyrella anomala	null	0	1	4	GI:392932802	LGDDQL...LLTDR	cox1	AFM91868.1	null
JX177885.1	TTGGGG...AGAAA	JX177885.1_source	genomic DNA	Indonesia	authority: Cinachyrella anomala (Dendy, 1905)	taxon:1199251	LB_1757	Cinachyrella anomala	Becking, Leontine E.	mitochondrion	null	null	null	null	null	null	null	null	null	null	Eukaryota;Metazoa;Porifera;Demospongiae;Tetractinomorpha;Spirophorida;Tetillidae;Cinachyrella	cytochrome c oxidase subunit I	0	JX177885.1_f0	37.8	Cinachyrella	2	1	1	Cinachyrella anomala	null	0	1	4	GI:392932800	LGDDQL...LLTDR	cox1	AFM91867.1	null
JX177884.1	GATGAC...TTTAA	JX177884.1_source	genomic DNA	Indonesia	authority: Cinachyrella anomala (Dendy, 1905)	taxon:1199251	LB_45	Cinachyrella anomala	Becking, Leontine E.	mitochondrion	null	null	null	null	null	null	null	null	null	null	Eukaryota;Metazoa;Porifera;Demospongiae;Tetractinomorpha;Spirophorida;Tetillidae;Cinachyrella	cytochrome c oxidase subunit I	0.0020661157	JX177884.1_f0	37.6033057851	Cinachyrella	2	1	1	Cinachyrella anomala	null	0.0062111801	1	4	GI:392932798	DDQLYN...ITXLL	cox1	AFM91866.1	null
JX177883.1	TTGGGG...AGAAA	JX177883.1_source	genomic DNA	Indonesia	authority: Cinachyrella australiensis (Carter, 1886)	taxon:885870	LB_436	Cinachyrella australiensis	Becking, Leontine E.	mitochondrion	null	null	null	null	null	null	null	null	null	null	Eukaryota;Metazoa;Porifera;Demospongiae;Tetractinomorpha;Spirophorida;Tetillidae;Cinachyrella	cytochrome c oxidase subunit I	0	JX177883.1_f0	40.2	Cinachyrella	2	1	1	Cinachyrella australiensis	null	0	1	4	GI:392932796	LGDDQL...LLTDR	cox1	AFM91865.1	null
JX177882.1	TTGGGG...CTATG	JX177882.1_source	genomic DNA	Indonesia	authority: Cinachyrella australiensis (Carter, 1886)	taxon:885870	LB_1223	Cinachyrella australiensis	Becking, Leontine E.	mitochondrion	null	null	null	null	null	null	null	null	null	null	Eukaryota;Metazoa;Porifera;Demospongiae;Tetractinomorpha;Spirophorida;Tetillidae;Cinachyrella	cytochrome c oxidase subunit I	0	JX177882.1_f0	39.5445134576	Cinachyrella	2	1	1	Cinachyrella australiensis	null	0	1	4	GI:392932794	LGDDQL...GAITM	cox1	AFM91864.1	null
JX177881.1	GATGAC...TTTTA	JX177881.1_source	genomic DNA	Indonesia	authority: Cinachyrella australiensis (Carter, 1886)	taxon:885870	LB_817	Cinachyrella australiensis	Becking, Leontine E.	mitochondrion	null	null	null	null	null	null	null	null	null	null	Eukaryota;Metazoa;Porifera;Demospongiae;Tetractinomorpha;Spirophorida;Tetillidae;Cinachyrella	cytochrome c oxidase subunit I	0	JX177881.1_f0	38.3022774327	Cinachyrella	2	1	1	Cinachyrella australiensis	null	0	1	4	GI:392932792	DDQLYN...ITMLL	cox1	AFM91863.1	null
JX177880.1	CACGGT...AGAAA	JX177880.1_source	genomic DNA	Indonesia	authority: Cinachyrella australiensis (Carter, 1886)	taxon:885870	LB_815	Cinachyrella australiensis	Becking, Leontine E.	mitochondrion	null	null	null	null	null	null	null	null	null	null	Eukaryota;Metazoa;Porifera;Demospongiae;Tetractinomorpha;Spirophorida;Tetillidae;Cinachyrella	cytochrome c oxidase subunit I	0	JX177880.1_f0	38.1778741866	Cinachyrella	2	1	1	Cinachyrella australiensis	null	0	1	4	GI:392932790	HGLIMV...LLTDR	cox1	AFM91862.1	null
JX177879.1	GATGAC...TTTTA	JX177879.1_source	genomic DNA	Indonesia	authority: Cinachyrella australiensis (Carter, 1886)	taxon:885870	LB_647	Cinachyrella australiensis	Becking, Leontine E.	mitochondrion	null	null	null	null	null	null	null	null	null	null	Eukaryota;Metazoa;Porifera;Demospongiae;Tetractinomorpha;Spirophorida;Tetillidae;Cinachyrella	cytochrome c oxidase subunit I	0	JX177879.1_f0	38.9233954451	Cinachyrella	2	1	1	Cinachyrella australiensis	null	0	1	4	GI:392932788	DDQLYN...ITMLL	cox1	AFM91861.1	null
JX177878.1	TTGGGG...CTATG	JX177878.1_source	genomic DNA	Indonesia	authority: Cinachyrella australiensis (Carter, 1886)	taxon:885870	LB_645	Cinachyrella australiensis	Becking, Leontine E.	mitochondrion	null	null	null	null	null	null	null	null	null	null	Eukaryota;Metazoa;Porifera;Demospongiae;Tetractinomorpha;Spirophorida;Tetillidae;Cinachyrella	cytochrome c oxidase subunit I	0	JX177878.1_f0	40.5797101449	Cinachyrella	2	1	1	Cinachyrella australiensis	null	0	1	4	GI:392932786	LGDDQL...GAITM	cox1	AFM91860.1	null
JX177877.1	TTGGGG...AGAAA	JX177877.1_source	genomic DNA	Indonesia	authority: Cinachyrella australiensis (Carter, 1886)	taxon:885870	LB_425	Cinachyrella australiensis	Becking, Leontine E.	mitochondrion	null	null	null	null	null	null	null	null	null	null	Eukaryota;Metazoa;Porifera;Demospongiae;Tetractinomorpha;Spirophorida;Tetillidae;Cinachyrella	cytochrome c oxidase subunit I	0	JX177877.1_f0	38.8	Cinachyrella	2	1	1	Cinachyrella australiensis	null	0	1	4	GI:392932784	LGDDQL...LLTDR	cox1	AFM91859.1	null
JX177876.1	TTGGGC...AGAAA	JX177876.1_source	genomic DNA	Indonesia	authority: Cinachyrella australiensis (Carter, 1886)	taxon:885870	LB_424	Cinachyrella australiensis	Becking, Leontine E.	mitochondrion	null	null	null	null	null	null	null	null	null	null	Eukaryota;Metazoa;Porifera;Demospongiae;Tetractinomorpha;Spirophorida;Tetillidae;Cinachyrella	cytochrome c oxidase subunit I	0.002	JX177876.1_f0	39.2	Cinachyrella	2	1	1	Cinachyrella australiensis	null	0	1	4	GI:392932782	LGDDQL...LLTDR	cox1	AFM91858.1	null
JX177875.1	TTGGGG...AGAAA	JX177875.1_source	genomic DNA	Indonesia	authority: Cinachyrella australiensis (Carter, 1886)	taxon:885870	LB_91	Cinachyrella australiensis	Becking, Leontine E.	mitochondrion	null	null	null	null	null	null	null	null	null	null	Eukaryota;Metazoa;Porifera;Demospongiae;Tetractinomorpha;Spirophorida;Tetillidae;Cinachyrella	cytochrome c oxidase subunit I	0	JX177875.1_f0	39	Cinachyrella	2	1	1	Cinachyrella australiensis	null	0	1	4	GI:392932780	LGDDQL...LLTDR	cox1	AFM91857.1	null
JX177874.1	TTGGGG...AGAAA	JX177874.1_source	genomic DNA	Indonesia	authority: Cinachyrella australiensis (Carter, 1886)	taxon:885870	LB_80	Cinachyrella australiensis	Becking, Leontine E.	mitochondrion	null	null	null	null	null	null	null	null	null	null	Eukaryota;Metazoa;Porifera;Demospongiae;Tetractinomorpha;Spirophorida;Tetillidae;Cinachyrella	cytochrome c oxidase subunit I	0	JX177874.1_f0	39.2	Cinachyrella	2	1	1	Cinachyrella australiensis	null	0	1	4	GI:392932778	LGDDQL...LLTDR	cox1	AFM91856.1	null
JX177873.1	TTGGGG...CTATG	JX177873.1_source	genomic DNA	Indonesia	authority: Cinachyrella australiensis (Carter, 1886)	taxon:885870	LB_664	Cinachyrella australiensis	Becking, Leontine E.	mitochondrion	null	null	null	null	null	null	null	null	null	null	Eukaryota;Metazoa;Porifera;Demospongiae;Tetractinomorpha;Spirophorida;Tetillidae;Cinachyrella	cytochrome c oxidase subunit I	0	JX177873.1_f0	40.3726708075	Cinachyrella	2	1	1	Cinachyrella australiensis	null	0	1	4	GI:392932776	LGDDQL...GAITM	cox1	AFM91855.1	null
JX177872.1	GATGAC...GGGGA	JX177872.1_source	genomic DNA	Indonesia	authority: Cinachyrella australiensis (Carter, 1886)	taxon:885870	LB_662	Cinachyrella australiensis	Becking, Leontine E.	mitochondrion	null	null	null	null	null	null	null	null	null	null	Eukaryota;Metazoa;Porifera;Demospongiae;Tetractinomorpha;Spirophorida;Tetillidae;Cinachyrella	cytochrome c oxidase subunit I	0	JX177872.1_f0	40.1500938086	Cinachyrella	2	1	1	Cinachyrella australiensis	null	0	1	4	GI:392932774	DDQLYN...PAGGG	cox1	AFM91854.1	null
JX177871.1	GATGAC...GGGGA	JX177871.1_source	genomic DNA	Indonesia	authority: Cinachyrella australiensis (Carter, 1886)	taxon:885870	LB_1232	Cinachyrella australiensis	Becking, Leontine E.	mitochondrion	null	null	null	null	null	null	null	null	null	null	Eukaryota;Metazoa;Porifera;Demospongiae;Tetractinomorpha;Spirophorida;Tetillidae;Cinachyrella	cytochrome c oxidase subunit I	0	JX177871.1_f0	41.8386491557	Cinachyrella	2	1	1	Cinachyrella australiensis	null	0	1	4	GI:392932772	DDQLYN...PAGGG	cox1	AFM91853.1	null
JX177869.1	GATGAC...GGGGA	JX177869.1_source	genomic DNA	Indonesia	authority: Cinachyrella australiensis (Carter, 1886)	taxon:885870	LB_637	Cinachyrella australiensis	Becking, Leontine E.	mitochondrion	null	null	null	null	null	null	null	null	null	null	Eukaryota;Metazoa;Porifera;Demospongiae;Tetractinomorpha;Spirophorida;Tetillidae;Cinachyrella	cytochrome c oxidase subunit I	0	JX177869.1_f0	40.1500938086	Cinachyrella	2	1	1	Cinachyrella australiensis	null	0	1	4	GI:392932768	DDQLYN...PAGGG	cox1	AFM91851.1	null
HM592667.1	GACCTT...TATTT	HM592667.1_source	genomic DNA	USA	null	taxon:263142	ZMBN:81789	Cinachyrella apion	Paco Cardenas	mitochondrion	Tse-Lynn Loh	05-Nov-2008	null	null	null	null	null	null	null	null	Eukaryota;Metazoa;Porifera;Demospongiae;Tetractinomorpha;Spirophorida;Tetillidae;Cinachyrella	cytochrome c oxidase subunit I	0	HM592667.1_f0	36.7781155015	Cinachyrella	2	1	1	Cinachyrella apion	null	0	2	4	GI:329124309	TLYLLF...FQHLF	COI	AEB72032.1	null
KC774024.1	AGCCTG...CAGTT	KC774024.1_source	genomic DNA	null	null	taxon:1350299	null	Cinachyrella sp. 3-10	null	null	null	null	3-10	South China Sea	null	null	null	null	null	null	Eukaryota;Metazoa;Porifera;Demospongiae;Tetractinomorpha;Spirophorida;Tetillidae;Cinachyrella	18S ribosomal RNA	0	KC774024.1_f0	52.2821576763	Cinachyrella	2	1	1	Cinachyrella sp. 3-10	null	null	null	null	null	null	null	null	null
KC762720.1	CCTGCC...GGCGG	KC762720.1_source	genomic DNA	null	null	taxon:1348083	null	Cinachyrella sp. 3-9	null	null	null	null	3-9	South China Sea	null	null	null	null	null	null	Eukaryota;Metazoa;Porifera;Demospongiae;Tetractinomorpha;Spirophorida;Tetillidae;Cinachyrella	18S ribosomal RNA	0	KC762720.1_f0	50.0952380952	Cinachyrella	2	1	1	Cinachyrella sp. 3-9	null	null	null	null	null	null	null	null	null
KC762713.1	CCTGCC...GGCGG	KC762713.1_source	genomic DNA	null	null	taxon:1348082	null	Cinachyrella sp. 3-1	null	null	null	null	3-1	South China Sea	null	null	null	null	null	null	Eukaryota;Metazoa;Porifera;Demospongiae;Tetractinomorpha;Spirophorida;Tetillidae;Cinachyrella	18S ribosomal RNA	0	KC762713.1_f0	50.0952380952	Cinachyrella	2	1	1	Cinachyrella sp. 3-1	null	null	null	null	null	null	null	null	null
KC762708.1	CATATG...ATCGG	KC762708.1_source	genomic DNA	null	null	taxon:458489	null	Cinachyrella kuekenthali	null	null	null	null	2-4	South China Sea	null	null	null	null	null	null	Eukaryota;Metazoa;Porifera;Demospongiae;Tetractinomorpha;Spirophorida;Tetillidae;Cinachyrella	18S ribosomal RNA	0	KC762708.1_f0	50.1449275362	Cinachyrella	2	1	1	Cinachyrella kuekenthali	null	null	null	null	null	null	null	null	null
HM032746.1	TTATTA...ATTTT	HM032746.1_source	genomic DNA	Australia	null	taxon:885871	QMG320143	Cinachyrella schulzei	null	mitochondrion	null	null	null	null	null	null	null	null	null	null	Eukaryota;Metazoa;Porifera;Demospongiae;Tetractinomorpha;Spirophorida;Tetillidae;Cinachyrella	cytochrome c oxidase subunit I	0	HM032746.1_f0	37.9746835443	Cinachyrella	2	1	1	Cinachyrella schulzei	null	0	1	4	GI:308125268	LLFGVF...GKIHF	cox1	ADO14985.1	1.6.3.1
HM032745.1	ACGTTA...ATTTT	HM032745.1_source	genomic DNA	Australia	null	taxon:885871	QMG320636	Cinachyrella schulzei	null	mitochondrion	null	null	null	null	null	null	null	null	null	null	Eukaryota;Metazoa;Porifera;Demospongiae;Tetractinomorpha;Spirophorida;Tetillidae;Cinachyrella	cytochrome c oxidase subunit I	0	HM032745.1_f0	37.9396984925	Cinachyrella	2	1	1	Cinachyrella schulzei	null	0	1	4	GI:308125266	TLYLLF...GKIHF	cox1	ADO14984.1	1.6.3.1
HM032743.1	TTATTA...CGCAT	HM032743.1_source	genomic DNA	Australia	null	taxon:885870	QMG321405	Cinachyrella australiensis	null	mitochondrion	null	null	null	null	null	null	null	null	null	null	Eukaryota;Metazoa;Porifera;Demospongiae;Tetractinomorpha;Spirophorida;Tetillidae;Cinachyrella	cytochrome c oxidase subunit I	0	HM032743.1_f0	40.7134071341	Cinachyrella	2	1	1	Cinachyrella australiensis	null	0	1	4	GI:308125262	LLFGLF...IVWAH	cox1	ADO14982.1	1.6.3.1
HM032741.1	CTTATT...GTTTA	HM032741.1_source	genomic DNA	Australia	null	taxon:885874	QMG320270	Cinachyrella sp. 3473	null	mitochondrion	null	null	null	null	null	null	null	null	null	null	Eukaryota;Metazoa;Porifera;Demospongiae;Tetractinomorpha;Spirophorida;Tetillidae;Cinachyrella	cytochrome c oxidase subunit I	0	HM032741.1_f0	38.0111524164	Cinachyrella	2	1	1	Cinachyrella sp. 3473	null	0	1	4	GI:308125256	LIRLEL...IFGGV	cox1	ADO14978.1	1.6.3.1
HM032740.1	ACCTTA...AGGAG	HM032740.1_source	genomic DNA	Tanzania	null	taxon:902687	TAU 25621	Cinachyrella sp. AS-2010	null	mitochondrion	null	null	null	null	null	null	null	null	null	null	Eukaryota;Metazoa;Porifera;Demospongiae;Tetractinomorpha;Spirophorida;Tetillidae;Cinachyrella	cytochrome c oxidase subunit I	0	HM032740.1_f0	36.8507831822	Cinachyrella	2	1	1	Cinachyrella sp. AS-2010	null	0	1	4	GI:308125253	TLYLLF...LMFIG	cox1	ADO14976.1	1.6.3.1
HM032739.1	ACCTTA...AGGAG	HM032739.1_source	genomic DNA	Bahamas	null	taxon:902687	TAU 25622	Cinachyrella sp. AS-2010	null	mitochondrion	null	null	null	null	null	null	null	null	null	null	Eukaryota;Metazoa;Porifera;Demospongiae;Tetractinomorpha;Spirophorida;Tetillidae;Cinachyrella	cytochrome c oxidase subunit I	0	HM032739.1_f0	36.8507831822	Cinachyrella	2	1	1	Cinachyrella sp. AS-2010	null	0	1	4	GI:308125250	TLYLLF...LMFIG	cox1	ADO14974.1	1.6.3.1
HM032738.1	ACCTTA...GAGTA	HM032738.1_source	genomic DNA	Bahamas	null	taxon:666329	TAU 25623	Cinachyrella alloclada	null	mitochondrion	null	null	null	null	null	null	null	null	null	null	Eukaryota;Metazoa;Porifera;Demospongiae;Tetractinomorpha;Spirophorida;Tetillidae;Cinachyrella	cytochrome c oxidase subunit I	0	HM032738.1_f0	36.6255144033	Cinachyrella	2	1	1	Cinachyrella alloclada	null	0	1	4	GI:308125247	TLYLLF...MFIGV	cox1	ADO14972.1	1.6.3.1
HM629803.1	TTATTT...GGAAG	HM629803.1_source	genomic DNA	Lebanon	PCR_primers=fwd_name: 18S-Tetillidae-D1, fwd_seq: atggctcattaaatcagttatag, rev_name: 18S2	taxon:878253	MHNM 16194	Cinachyrella levantinensis	null	null	null	null	null	null	null	null	null	null	null	null	Eukaryota;Metazoa;Porifera;Demospongiae;Tetractinomorpha;Spirophorida;Tetillidae;Cinachyrella	18S ribosomal RNA	0.0018181818	HM629803.1_f0	52.4242424242	Cinachyrella	2	1	1	Cinachyrella levantinensis	null	null	null	null	null	null	null	null	null
HM592753.1	ATCAAT...TTCGA	HM592753.1_source	genomic DNA	USA: Florida	null	taxon:263142	ZMBN:81789	Cinachyrella apion	Paco Cardenas	null	Tse-Lynn Loh	11-May-2008	null	null	null	null	null	null	null	null	Eukaryota;Metazoa;Porifera;Demospongiae;Tetractinomorpha;Spirophorida;Tetillidae;Cinachyrella	28S large subunit ribosomal RNA	0.00243309	HM592753.1_f0	65.2068126521	Cinachyrella	2	1	1	Cinachyrella apion	C1-D2 domains	null	null	null	null	null	null	null	null
NC_010198.1	GATTTA...ACTTA	NC_010198.1_source	genomic DNA	null	null	taxon:458489	null	Cinachyrella kuekenthali	null	mitochondrion	null	null	null	null	null	null	sponge	null	null	null	Eukaryota;Metazoa;Porifera;Demospongiae;Tetractinomorpha;Spirophorida;Tetillidae;Cinachyrella	cytochrome c oxidase subunit I	0	NC_010198.1_f0	39.5156150414	Cinachyrella	2	1	1	Cinachyrella kuekenthali	null	0	1	4	GI:164421124;GeneID:5846723	MDRLYL...YKGSS	COX1	YP_001648419.1	null
HM629802.1	GTAGTC...AACAA	HM629802.1_source	genomic DNA	Israel: Mediterranean Sea	PCR_primers=fwd_name: 18S1, rev_name: 18S2	taxon:878253	TAU 25456	Cinachyrella levantinensis	null	null	null	null	null	null	null	null	null	null	null	null	Eukaryota;Metazoa;Porifera;Demospongiae;Tetractinomorpha;Spirophorida;Tetillidae;Cinachyrella	18S ribosomal RNA	0.0045402951	HM629802.1_f0	51.3053348468	Cinachyrella	2	1	1	Cinachyrella levantinensis	null	null	null	null	null	null	null	null	null
JQ236882.1	AATGTT...GCTAT	JQ236882.1_source	genomic DNA	null	null	taxon:1137634	null	Cinachyrella sp. 1B KRC-2012	null	mitochondrion	null	null	null	null	null	null	null	null	null	null	Eukaryota;Metazoa;Porifera;Demospongiae;Tetractinomorpha;Spirophorida;Tetillidae;Cinachyrella	cytochrome c oxidase subunit I	0	JQ236882.1_f0	37.6470588235	Cinachyrella	2	1	1	Cinachyrella sp. 1B KRC-2012	null	0	2	4	GI:374341585	MLGDDQ...LSMGA	coxI	AEZ35210.1	null
JQ236881.1	AATGTT...GCTAT	JQ236881.1_source	genomic DNA	null	null	taxon:1137633	null	Cinachyrella sp. 1A KRC-2012	null	mitochondrion	null	null	null	null	null	null	null	null	null	null	Eukaryota;Metazoa;Porifera;Demospongiae;Tetractinomorpha;Spirophorida;Tetillidae;Cinachyrella	cytochrome c oxidase subunit I	0	JQ236881.1_f0	37.7450980392	Cinachyrella	2	1	1	Cinachyrella sp. 1A KRC-2012	null	0	2	4	GI:374341582	MLGDDQ...LSMGA	coxI	AEZ35208.1	null
EF519603.1	ATGATA...GATCC	EF519603.1_source	genomic DNA	null	null	taxon:458489	K75	Cinachyrella kuekenthali	null	mitochondrion	null	null	null	null	null	null	null	null	null	null	Eukaryota;Metazoa;Porifera;Demospongiae;Tetractinomorpha;Spirophorida;Tetillidae;Cinachyrella	cytochrome oxidase subunit I	0	EF519603.1_f0	40.4109589041	Cinachyrella	2	1	1	Cinachyrella kuekenthali	null	0	1	4	GI:155675112	MIGSGF...TFFDP	cox1	ABU24891.1	null
EF519602.1	ATGATA...GATCC	EF519602.1_source	genomic DNA	null	null	taxon:458489	B79	Cinachyrella kuekenthali	null	mitochondrion	null	null	null	null	null	null	null	null	null	null	Eukaryota;Metazoa;Porifera;Demospongiae;Tetractinomorpha;Spirophorida;Tetillidae;Cinachyrella	cytochrome oxidase subunit I	0	EF519602.1_f0	40.2397260274	Cinachyrella	2	1	1	Cinachyrella kuekenthali	null	0	1	4	GI:155675110	MIGSGF...TFFDP	cox1	ABU24890.1	null
EF519601.1	ATGATA...GATCC	EF519601.1_source	genomic DNA	null	null	taxon:263142	B25	Cinachyrella apion	null	mitochondrion	null	null	null	null	null	null	null	null	null	null	Eukaryota;Metazoa;Porifera;Demospongiae;Tetractinomorpha;Spirophorida;Tetillidae;Cinachyrella	cytochrome oxidase subunit I	0	EF519601.1_f0	37.1575342466	Cinachyrella	2	1	1	Cinachyrella apion	null	0	1	4	GI:155675108	MIGSGF...TFFDP	cox1	ABU24889.1	null
FJ711646.1	AAAGAT...TTTTG	FJ711646.1_source	genomic DNA	Panama	null	taxon:458489	ZMBN:81787	Cinachyrella kuekenthali	Paco Cardenas	mitochondrion	Paco Cardenas	null	null	null	null	null	null	null	null	null	Eukaryota;Metazoa;Porifera;Demospongiae;Tetractinomorpha;Spirophorida;Tetillidae;Cinachyrella	cytochrome c oxidase subunit I	0.0014727541	FJ711646.1_f0	39.911634757	Cinachyrella	2	1	1	Cinachyrella kuekenthali	null	0	1	4	GI:261263556	KDIGTL...LFWFF	COI	ACX55118.1	null
FJ711645.1	AAAGAT...TTTTG	FJ711645.1_source	genomic DNA	Panama	null	taxon:263142	ZMBN:81785	Cinachyrella apion	Paco Cardenas	mitochondrion	Paco Cardenas	null	null	null	null	null	null	null	null	null	Eukaryota;Metazoa;Porifera;Demospongiae;Tetractinomorpha;Spirophorida;Tetillidae;Cinachyrella	cytochrome c oxidase subunit I	0	FJ711645.1_f0	36.3770250368	Cinachyrella	2	1	1	Cinachyrella apion	null	0	1	4	GI:261263554	KDIGTL...LFWFF	COI	ACX55117.1	null
AF062604.1	GAACTG...TTCGA	AF062604.1_source	genomic DNA	null	null	taxon:76782	null	Cinachyrella cf. schulzei	null	null	null	null	null	null	null	null	null	null	null	null	Eukaryota;Metazoa;Porifera;Demospongiae;Tetractinomorpha;Spirophorida;Tetillidae;Cinachyrella	28S ribosomal RNA	0.0011547344	AF062604.1_f0	63.9722863741	Cinachyrella	2	1	1	Cinachyrella cf. schulzei	null	null	null	null	null	null	null	null	null
EU237479.1	GATTTA...ACTTA	EU237479.1_source	genomic DNA	null	null	taxon:458489	null	Cinachyrella kuekenthali	null	mitochondrion	null	null	null	null	null	null	null	null	null	null	Eukaryota;Metazoa;Porifera;Demospongiae;Tetractinomorpha;Spirophorida;Tetillidae;Cinachyrella	cytochrome c oxidase subunit 1	0	EU237479.1_f0	39.5156150414	Cinachyrella	2	1	1	Cinachyrella kuekenthali	null	0	1	4	GI:158938906	MDRLYL...YKGSS	cox1	ABW83835.1	null
EU702414.1	CATATG...AACAA	EU702414.1_source	genomic DNA	null	null	taxon:458489	null	Cinachyrella kuekenthali	null	null	null	null	null	null	null	null	null	null	null	null	Eukaryota;Metazoa;Porifera;Demospongiae;Tetractinomorpha;Spirophorida;Tetillidae;Cinachyrella	18S ribosomal RNA	0	EU702414.1_f0	51.6496018203	Cinachyrella	2	1	1	Cinachyrella kuekenthali	null	null	null	null	null	null	null	null	null
AY734439.1	CCTGCC...CTGCA	AY734439.1_source	genomic DNA	null	null	taxon:295232	sp11	Cinachyrella sp. sp11	null	null	null	null	null	null	null	null	null	null	null	null	Eukaryota;Metazoa;Porifera;Demospongiae;Tetractinomorpha;Spirophorida;Tetillidae;Cinachyrella	18S ribosomal RNA	0	AY734439.1_f0	51.6741071429	Cinachyrella	2	1	1	Cinachyrella sp. sp11	null	null	null	null	null	null	null	null	null
AY734438.1	CCTGCC...GTGAA	AY734438.1_source	genomic DNA	null	null	taxon:295233	24-XI-02-3-2 N28	Cinachyrella sp. 24-XI-02-3-2 N28	null	null	null	null	null	null	null	null	null	null	null	null	Eukaryota;Metazoa;Porifera;Demospongiae;Tetractinomorpha;Spirophorida;Tetillidae;Cinachyrella	18S ribosomal RNA	0	AY734438.1_f0	51.7917133259	Cinachyrella	2	1	1	Cinachyrella sp. 24-XI-02-3-2 N28	null	null	null	null	null	null	null	null	null
AY734437.1	CCTGGT...CTGCA	AY734437.1_source	genomic DNA	null	null	taxon:295230	22-XI-02-1-13 N25	Cinachyrella sp. 22-XI-02-1-13 N25	null	null	null	null	null	null	null	null	null	null	null	null	Eukaryota;Metazoa;Porifera;Demospongiae;Tetractinomorpha;Spirophorida;Tetillidae;Cinachyrella	18S ribosomal RNA	0	AY734437.1_f0	51.6648168701	Cinachyrella	2	1	1	Cinachyrella sp. 22-XI-02-1-13 N25	null	null	null	null	null	null	null	null	null
AJ843895.1	TTATAC...TATTT	AJ843895.1_source	genomic DNA	Bermuda:Flatts Inlet	null	taxon:263142	null	Cinachyrella apion	null	mitochondrion	null	null	null	null	null	null	null	null	null	null	Eukaryota;Metazoa;Porifera;Demospongiae;Tetractinomorpha;Spirophorida;Tetillidae;Cinachyrella	cytochrome oxidase subunit I	0	AJ843895.1_f0	36.5443425076	Cinachyrella	2	1	1	Cinachyrella apion	null	0	1	4	GI:76663994;GOA:Q3LEF0;InterPro:IPR000883;UniProtKB/TrEMBL:Q3LEF0	LYLLFG...FQHLF	coi	CAH59214.1	null
AJ627186.1	AGTCAT...CAATA	AJ627186.1_source	genomic DNA	Bermuda	null	taxon:263142	null	Cinachyrella apion	null	null	null	null	null	null	null	null	null	null	null	null	Eukaryota;Metazoa;Porifera;Demospongiae;Tetractinomorpha;Spirophorida;Tetillidae;Cinachyrella	18S ribosomal RNA	0	AJ627186.1_f0	51.724137931	Cinachyrella	2	1	1	Cinachyrella apion	null	null	null	null	null	null	18S rRNA	null	null
KC902265.1	GTCTCA...ATTTA	KC902265.1_source	genomic DNA	Philippines	PorToL ID: NCI353	taxon:1342558	0CDN5142-X	Craniella sp. 0CDN5142-X	null	null	null	null	null	null	null	null	null	null	null	null	Eukaryota;Metazoa;Porifera;Demospongiae;Tetractinomorpha;Spirophorida;Tetillidae;Craniella	small subunit 18S ribosomal RNA	0	KC902265.1_f0	50.7246376812	Craniella	1	2	1	Craniella sp. 0CDN5142-X	null	null	null	null	null	null	null	null	null
JX177987.1	TCATAT...GTATG	JX177987.1_source	genomic DNA	Norway	authority: Craniella cranium (Mueller, 1776)	taxon:1006792	ZMBN_85239	Craniella cranium	Paco Cardenas & Hans Tore Rap	null	null	null	null	null	null	null	null	null	null	null	Eukaryota;Metazoa;Porifera;Demospongiae;Tetractinomorpha;Spirophorida;Tetillidae;Craniella	18S ribosomal RNA	0.0009025271	JX177987.1_f0	49.9097472924	Craniella	1	2	1	Craniella cranium	null	null	null	null	null	null	null	null	null
JX177986.1	TCGTTT...CTTTG	JX177986.1_source	genomic DNA	Iceland	authority: Craniella zetlandica (Carter, 1872)	taxon:885873	VM_14754	Craniella zetlandica	Paco Cardenas & Hans Tore Rap	null	null	null	null	null	null	null	null	null	null	null	Eukaryota;Metazoa;Porifera;Demospongiae;Tetractinomorpha;Spirophorida;Tetillidae;Craniella	18S ribosomal RNA	0.0006596306	JX177986.1_f0	52.1767810026	Craniella	1	2	1	Craniella zetlandica	null	null	null	null	null	null	null	null	null
JX177985.1	TCGTTT...AACAA	JX177985.1_source	genomic DNA	Australia	null	taxon:885875	QMG_318785	Craniella sp. 3318	Hooper, John	null	null	null	null	null	null	null	null	null	null	null	Eukaryota;Metazoa;Porifera;Demospongiae;Tetractinomorpha;Spirophorida;Tetillidae;Craniella	18S ribosomal RNA	0	JX177985.1_f0	50.487804878	Craniella	1	2	1	Craniella sp. 3318	null	null	null	null	null	null	null	null	null
JX177984.1	TTTATT...GCCCG	JX177984.1_source	genomic DNA	New Zealand	authority: Craniella neocaledoniae Levi & Levi, 1983	taxon:1199253	NIWA_28591	Craniella neocaledoniae	Kelly, Michelle	null	null	null	null	null	null	null	null	null	null	null	Eukaryota;Metazoa;Porifera;Demospongiae;Tetractinomorpha;Spirophorida;Tetillidae;Craniella	18S ribosomal RNA	0	JX177984.1_f0	51.8806744488	Craniella	1	2	1	Craniella neocaledoniae	null	null	null	null	null	null	null	null	null
JX177983.1	AAAGCC...TTAGA	JX177983.1_source	genomic DNA	Australia	null	taxon:885876	QMG_316342	Craniella sp. 3878	Hooper, John	null	null	null	null	null	null	null	null	null	null	null	Eukaryota;Metazoa;Porifera;Demospongiae;Tetractinomorpha;Spirophorida;Tetillidae;Craniella	18S ribosomal RNA	0	JX177983.1_f0	50.9895227008	Craniella	1	2	1	Craniella sp. 3878	null	null	null	null	null	null	null	null	null
JX177982.1	CGTTTT...CGCCC	JX177982.1_source	genomic DNA	New Zealand	authority: Craniella cf. leptoderma AS-2012 Kirkpatrick, 1908	taxon:1200910	NIWA_28910	Craniella cf. leptoderma AS-2012	Kelly, Michelle	null	null	null	null	null	null	null	null	null	null	null	Eukaryota;Metazoa;Porifera;Demospongiae;Tetractinomorpha;Spirophorida;Tetillidae;Craniella	18S ribosomal RNA	0	JX177982.1_f0	51.7354289456	Craniella	1	2	1	Craniella cf. leptoderma AS-2012	null	null	null	null	null	null	null	null	null
JX177981.1	TACATG...GCCCG	JX177981.1_source	genomic DNA	New Zealand	authority: Craniella sagitta (Lendenfeld, 1907)	taxon:1199254	NIWA_25206	Craniella sagitta	Kelly, Michelle	null	null	null	null	null	null	null	null	null	null	null	Eukaryota;Metazoa;Porifera;Demospongiae;Tetractinomorpha;Spirophorida;Tetillidae;Craniella	18S ribosomal RNA	0	JX177981.1_f0	51.9736842105	Craniella	1	2	1	Craniella sagitta	null	null	null	null	null	null	null	null	null
JX177976.1	TTTATT...GCCCG	JX177976.1_source	genomic DNA	New Zealand	authority: Craniella cf. leptoderma AS-2012 Kirkpatrick, 1908	taxon:1200910	NIWA_28524	Craniella cf. leptoderma AS-2012	Kelly, Michelle	null	null	null	null	null	null	null	null	null	null	null	Eukaryota;Metazoa;Porifera;Demospongiae;Tetractinomorpha;Spirophorida;Tetillidae;Craniella	18S ribosomal RNA	0	JX177976.1_f0	51.5249837768	Craniella	1	2	1	Craniella cf. leptoderma AS-2012	null	null	null	null	null	null	null	null	null
JX177975.1	TTTATT...GCCCG	JX177975.1_source	genomic DNA	New Zealand	authority: Craniella cf. leptoderma AS-2012 Kirkpatrick, 1908	taxon:1200910	NIWA_28507	Craniella cf. leptoderma AS-2012	Kelly, Michelle	null	null	null	null	null	null	null	null	null	null	null	Eukaryota;Metazoa;Porifera;Demospongiae;Tetractinomorpha;Spirophorida;Tetillidae;Craniella	18S ribosomal RNA	0	JX177975.1_f0	51.5249837768	Craniella	1	2	1	Craniella cf. leptoderma AS-2012	null	null	null	null	null	null	null	null	null
JX177974.1	TAAGCC...GACAA	JX177974.1_source	genomic DNA	Australia	authority: Craniella cf. leptoderma AS-2012 Kirkpatrick, 1908	taxon:1200910	QMG_315031	Craniella cf. leptoderma AS-2012	Hooper, John	null	null	null	null	null	null	null	null	null	null	null	Eukaryota;Metazoa;Porifera;Demospongiae;Tetractinomorpha;Spirophorida;Tetillidae;Craniella	18S ribosomal RNA	0	JX177974.1_f0	49.7424576895	Craniella	1	2	1	Craniella cf. leptoderma AS-2012	null	null	null	null	null	null	null	null	null
JX177960.1	AGGGTG...TTCGA	JX177960.1_source	genomic DNA	Iceland	authority: Craniella zetlandica (Carter, 1872)	taxon:885873	VM_14754	Craniella zetlandica	Paco Cardenas & Hans Tore Rap	null	null	null	null	null	null	null	null	null	null	null	Eukaryota;Metazoa;Porifera;Demospongiae;Tetractinomorpha;Spirophorida;Tetillidae;Craniella	28S ribosomal RNA	0	JX177960.1_f0	67.6291793313	Craniella	1	2	1	Craniella zetlandica	C1-D2 region	null	null	null	null	null	null	null	null
JX177959.1	GAAGAG...ACTGC	JX177959.1_source	genomic DNA	Norway	authority: Craniella cranium (Mueller, 1776)	taxon:1006792	ZMBN_85239	Craniella cranium	Paco Cardenas & Hans Tore Rap	null	null	null	null	null	null	null	null	null	null	null	Eukaryota;Metazoa;Porifera;Demospongiae;Tetractinomorpha;Spirophorida;Tetillidae;Craniella	28S ribosomal RNA	0	JX177959.1_f0	66.8965517241	Craniella	1	2	1	Craniella cranium	C1-D2 region	null	null	null	null	null	null	null	null
JX177955.1	ATCAAT...TTCGA	JX177955.1_source	genomic DNA	Australia	null	taxon:885876	QMG_316342	Craniella sp. 3878	Hooper, John	null	null	null	null	null	null	null	null	null	null	null	Eukaryota;Metazoa;Porifera;Demospongiae;Tetractinomorpha;Spirophorida;Tetillidae;Craniella	28S ribosomal RNA	0.0024509804	JX177955.1_f0	61.0294117647	Craniella	1	2	1	Craniella sp. 3878	C1-D2 region	null	null	null	null	null	null	null	null
JX177951.1	CCCCAG...TTCGA	JX177951.1_source	genomic DNA	New Zealand	authority: Craniella sagitta (Lendenfeld, 1907)	taxon:1199254	NIWA_28929	Craniella sagitta	Kelly, Michelle	null	null	null	null	null	null	null	null	null	null	null	Eukaryota;Metazoa;Porifera;Demospongiae;Tetractinomorpha;Spirophorida;Tetillidae;Craniella	28S ribosomal RNA	0	JX177951.1_f0	62.6923076923	Craniella	1	2	1	Craniella sagitta	C1-D2 region	null	null	null	null	null	null	null	null
JX177948.1	CCCCAG...TTCGA	JX177948.1_source	genomic DNA	New Zealand	authority: Craniella cf. leptoderma AS-2012 Kirkpatrick, 1908	taxon:1200910	NIWA_52077	Craniella cf. leptoderma AS-2012	Kelly, Michelle	null	null	null	null	null	null	null	null	null	null	null	Eukaryota;Metazoa;Porifera;Demospongiae;Tetractinomorpha;Spirophorida;Tetillidae;Craniella	28S ribosomal RNA	0.1434058899	JX177948.1_f0	53.9052496799	Craniella	1	2	1	Craniella cf. leptoderma AS-2012	C1-D2 region	null	null	null	null	null	null	null	null
JX177947.1	ATTCCC...GGGCC	JX177947.1_source	genomic DNA	New Zealand	authority: Craniella cf. leptoderma AS-2012 Kirkpatrick, 1908	taxon:1200910	NIWA_27816	Craniella cf. leptoderma AS-2012	Kelly, Michelle	null	null	null	null	null	null	null	null	null	null	null	Eukaryota;Metazoa;Porifera;Demospongiae;Tetractinomorpha;Spirophorida;Tetillidae;Craniella	28S ribosomal RNA	0	JX177947.1_f0	62.3076923077	Craniella	1	2	1	Craniella cf. leptoderma AS-2012	C1-D2 region	null	null	null	null	null	null	null	null
JX177946.1	CCCAGT...TTCGA	JX177946.1_source	genomic DNA	New Zealand	authority: Craniella cf. leptoderma AS-2012 Kirkpatrick, 1908	taxon:1200910	NIWA_28496	Craniella cf. leptoderma AS-2012	Kelly, Michelle	null	null	null	null	null	null	null	null	null	null	null	Eukaryota;Metazoa;Porifera;Demospongiae;Tetractinomorpha;Spirophorida;Tetillidae;Craniella	28S ribosomal RNA	0	JX177946.1_f0	64.1025641026	Craniella	1	2	1	Craniella cf. leptoderma AS-2012	C1-D2 region	null	null	null	null	null	null	null	null
JX177945.1	CCCAGT...GCGAG	JX177945.1_source	genomic DNA	New Zealand	authority: Craniella cf. leptoderma AS-2012 Kirkpatrick, 1908	taxon:1200910	NIWA_28524	Craniella cf. leptoderma AS-2012	Kelly, Michelle	null	null	null	null	null	null	null	null	null	null	null	Eukaryota;Metazoa;Porifera;Demospongiae;Tetractinomorpha;Spirophorida;Tetillidae;Craniella	28S ribosomal RNA	0	JX177945.1_f0	64.0891218873	Craniella	1	2	1	Craniella cf. leptoderma AS-2012	C1-D2 region	null	null	null	null	null	null	null	null
JX177944.1	CCCCAG...TTCGA	JX177944.1_source	genomic DNA	New Zealand	authority: Craniella cf. leptoderma AS-2012 Kirkpatrick, 1908	taxon:1200910	NIWA_36097	Craniella cf. leptoderma AS-2012	Kelly, Michelle	null	null	null	null	null	null	null	null	null	null	null	Eukaryota;Metazoa;Porifera;Demospongiae;Tetractinomorpha;Spirophorida;Tetillidae;Craniella	28S ribosomal RNA	0	JX177944.1_f0	63.5897435897	Craniella	1	2	1	Craniella cf. leptoderma AS-2012	C1-D2 region	null	null	null	null	null	null	null	null
JX177943.1	CCCAGT...GAGCC	JX177943.1_source	genomic DNA	New Zealand	authority: Craniella cf. leptoderma AS-2012 Kirkpatrick, 1908	taxon:1200910	NIWA_28507	Craniella cf. leptoderma AS-2012	Kelly, Michelle	null	null	null	null	null	null	null	null	null	null	null	Eukaryota;Metazoa;Porifera;Demospongiae;Tetractinomorpha;Spirophorida;Tetillidae;Craniella	28S ribosomal RNA	0	JX177943.1_f0	63.8743455497	Craniella	1	2	1	Craniella cf. leptoderma AS-2012	C1-D2 region	null	null	null	null	null	null	null	null
JX177942.1	ATCAAT...TTCGA	JX177942.1_source	genomic DNA	Australia	authority: Craniella cf. leptoderma AS-2012 Kirkpatrick, 1908	taxon:1200910	QMG_315031	Craniella cf. leptoderma AS-2012	Hooper, John	null	null	null	null	null	null	null	null	null	null	null	Eukaryota;Metazoa;Porifera;Demospongiae;Tetractinomorpha;Spirophorida;Tetillidae;Craniella	28S ribosomal RNA	0	JX177942.1_f0	62.8676470588	Craniella	1	2	1	Craniella cf. leptoderma AS-2012	C1-D2 region	null	null	null	null	null	null	null	null
JX177917.1	TATGAT...TTGGC	JX177917.1_source	genomic DNA	New Zealand	authority: Craniella sagitta (Lendenfeld, 1907)	taxon:1199254	NIWA_25206	Craniella sagitta	Kelly, Michelle	mitochondrion	null	null	null	null	null	null	null	null	null	null	Eukaryota;Metazoa;Porifera;Demospongiae;Tetractinomorpha;Spirophorida;Tetillidae;Craniella	cytochrome c oxidase subunit I	0	JX177917.1_f0	39.6148555708	Craniella	1	2	1	Craniella sagitta	null	0	2	4	GI:392932864	MIGTGF...KQIFG	cox1	AFM91899.1	null
JX177916.1	TTTCGG...AATGT	JX177916.1_source	genomic DNA	New Zealand	authority: Craniella cf. leptoderma AS-2012 Kirkpatrick, 1908	taxon:1200910	NIWA_52077	Craniella cf. leptoderma AS-2012	Kelly, Michelle	mitochondrion	null	null	null	null	null	null	null	null	null	null	Eukaryota;Metazoa;Porifera;Demospongiae;Tetractinomorpha;Spirophorida;Tetillidae;Craniella	cytochrome c oxidase subunit I	0	JX177916.1_f0	38.6768447837	Craniella	1	2	1	Craniella cf. leptoderma AS-2012	null	0	3	4	GI:392932862	SGMIGT...HFWLM	cox1	AFM91898.1	null
JX177915.1	GGAACT...GTTTG	JX177915.1_source	genomic DNA	New Zealand	authority: Craniella sagitta (Lendenfeld, 1907)	taxon:1199254	NIWA_28491	Craniella sagitta	Kelly, Michelle	mitochondrion	null	null	null	null	null	null	null	null	null	null	Eukaryota;Metazoa;Porifera;Demospongiae;Tetractinomorpha;Spirophorida;Tetillidae;Craniella	cytochrome c oxidase subunit I	0	JX177915.1_f0	39.3041237113	Craniella	1	2	1	Craniella sagitta	null	0	1	4	GI:392932860	GTGFSL...LGFIV	cox1	AFM91897.1	null
JX177897.1	ATGATA...ACATT	JX177897.1_source	genomic DNA	New Zealand	authority: Craniella cf. leptoderma AS-2012 Kirkpatrick, 1908	taxon:1200910	NIWA_28496	Craniella cf. leptoderma AS-2012	Kelly, Michelle	mitochondrion	null	null	null	null	null	null	null	null	null	null	Eukaryota;Metazoa;Porifera;Demospongiae;Tetractinomorpha;Spirophorida;Tetillidae;Craniella	cytochrome c oxidase subunit I	0	JX177897.1_f0	39.514978602	Craniella	1	2	1	Craniella cf. leptoderma AS-2012	null	0	1	4	GI:392932824	MIGTGF...QIIPT	cox1	AFM91879.1	null
JX177896.1	ATGATA...AATTA	JX177896.1_source	genomic DNA	New Zealand	authority: Craniella cf. leptoderma AS-2012 Kirkpatrick, 1908	taxon:1200910	NIWA_28507	Craniella cf. leptoderma AS-2012	Kelly, Michelle	mitochondrion	null	null	null	null	null	null	null	null	null	null	Eukaryota;Metazoa;Porifera;Demospongiae;Tetractinomorpha;Spirophorida;Tetillidae;Craniella	cytochrome c oxidase subunit I	0	JX177896.1_f0	39.0178571429	Craniella	1	2	1	Craniella cf. leptoderma AS-2012	null	0	1	4	GI:392932822	MIGTGF...WFGKI	cox1	AFM91878.1	null
JX177895.1	AACTGG...GGGAT	JX177895.1_source	genomic DNA	New Zealand	authority: Craniella cf. leptoderma AS-2012 Kirkpatrick, 1908	taxon:1200910	NIWA_28524	Craniella cf. leptoderma AS-2012	Kelly, Michelle	mitochondrion	null	null	null	null	null	null	null	null	null	null	Eukaryota;Metazoa;Porifera;Demospongiae;Tetractinomorpha;Spirophorida;Tetillidae;Craniella	cytochrome c oxidase subunit I	0	JX177895.1_f0	39.5061728395	Craniella	1	2	1	Craniella cf. leptoderma AS-2012	null	0	2	4	GI:392932820	TGFSLL...FGYLG	cox1	AFM91877.1	null
HM592669.1	GACCTT...TATTT	HM592669.1_source	genomic DNA	Norway	null	taxon:1006792	ZMBN:85239	Craniella cranium	Paco Cardenas & Hans Tore Rapp	mitochondrion	Hans Tore Rapp	null	null	null	null	null	null	null	null	null	Eukaryota;Metazoa;Porifera;Demospongiae;Tetractinomorpha;Spirophorida;Tetillidae;Craniella	cytochrome c oxidase subunit I	0	HM592669.1_f0	38.7537993921	Craniella	1	2	1	Craniella cranium	null	0	2	4	GI:329124313	TLYLLF...FQHLF	COI	AEB72034.1	null
HM592668.1	GACCTT...TATTC	HM592668.1_source	genomic DNA	Norway	null	taxon:1006818	ZMBN:85240	Craniella sp. PC-2011	Paco Cardenas	mitochondrion	Paco Cardenas	24-Oct-2007	null	null	null	null	null	null	null	null	Eukaryota;Metazoa;Porifera;Demospongiae;Tetractinomorpha;Spirophorida;Tetillidae;Craniella	cytochrome c oxidase subunit I	0	HM592668.1_f0	38.7537993921	Craniella	1	2	1	Craniella sp. PC-2011	null	0	2	4	GI:329124311	TLYLLF...FQHLF	COI	AEB72033.1	null
KC762710.1	ACTAAG...CCTTG	KC762710.1_source	genomic DNA	null	null	taxon:1348085	null	Craniella sp. 2-7	null	null	null	null	2-7	South China Sea	null	null	null	null	null	null	Eukaryota;Metazoa;Porifera;Demospongiae;Tetractinomorpha;Spirophorida;Tetillidae;Craniella	18S ribosomal RNA	0	KC762710.1_f0	49.2380952381	Craniella	1	2	1	Craniella sp. 2-7	null	null	null	null	null	null	null	null	null
HM032752.3	TTGTAC...ATCAC	HM032752.3_source	genomic DNA	Australia	null	taxon:885875	QMG318785	Craniella sp. 3318	null	mitochondrion	null	null	null	null	null	null	null	null	null	null	Eukaryota;Metazoa;Porifera;Demospongiae;Tetractinomorpha;Spirophorida;Tetillidae;Craniella	cytochrome c oxidase subunit I	0.0060827251	HM032752.3_f0	38.6861313869	Craniella	1	2	1	Craniella sp. 3318	null	0.0109489051	1	4	GI:334350725	LYLLFG...VWAHH	cox1	ADO14991.3	1.6.3.1
HM032748.2	TTATAC...TTGTT	HM032748.2_source	genomic DNA	Australia	null	taxon:885876	QMG316372	Craniella sp. 3878	null	mitochondrion	null	null	null	null	null	null	null	null	null	null	Eukaryota;Metazoa;Porifera;Demospongiae;Tetractinomorpha;Spirophorida;Tetillidae;Craniella	cytochrome c oxidase subunit I	0	HM032748.2_f0	39.6341463415	Craniella	1	2	1	Craniella sp. 3878	null	0	1	4	GI:308125272	LYLLFG...AMGFV	cox1	ADO14987.1	1.6.3.1
HM032747.2	TACTTA...TTTTT	HM032747.2_source	genomic DNA	Australia	null	taxon:885876	QMG316342	Craniella sp. 3878	null	mitochondrion	null	null	null	null	null	null	null	null	null	null	Eukaryota;Metazoa;Porifera;Demospongiae;Tetractinomorpha;Spirophorida;Tetillidae;Craniella	cytochrome c oxidase subunit I	0	HM032747.2_f0	39.6341463415	Craniella	1	2	1	Craniella sp. 3878	null	0	1	4	GI:308125270	YLLFGV...MGFVF	cox1	ADO14986.1	1.6.3.1
HM032751.1	TTATAC...TCTTT	HM032751.1_source	genomic DNA	Iceland	null	taxon:885873	VM14754	Craniella zetlandica	null	mitochondrion	null	null	null	null	null	null	null	null	null	null	Eukaryota;Metazoa;Porifera;Demospongiae;Tetractinomorpha;Spirophorida;Tetillidae;Craniella	cytochrome c oxidase subunit I	0	HM032751.1_f0	38.6486486486	Craniella	1	2	1	Craniella zetlandica	null	0	1	4	GI:308125278	LYLLFG...MGAIF	cox1	ADO14990.1	1.6.3.1
HM032750.1	ACCTTA...TTTAT	HM032750.1_source	genomic DNA	Iceland	null	taxon:902688	BIOICE 3659	Craniella sp. AS-2010	null	mitochondrion	null	null	null	null	null	null	null	null	null	null	Eukaryota;Metazoa;Porifera;Demospongiae;Tetractinomorpha;Spirophorida;Tetillidae;Craniella	cytochrome c oxidase subunit I	0	HM032750.1_f0	38.9770723104	Craniella	1	2	1	Craniella sp. AS-2010	null	0	1	4	GI:308125276	TLYLLF...FGGFY	cox1	ADO14989.1	1.6.3.1
JX177866.1	CTATCC...GTTTA	JX177866.1_source	genomic DNA	New Zealand	null	taxon:1200910	NIWA_36097	Craniella cf. leptoderma AS-2012	Kelly, Michelle	mitochondrion	null	null	null	null	null	null	null	null	null	null	Eukaryota;Metazoa;Porifera;Demospongiae;Tetractinomorpha;Spirophorida;Tetillidae;Craniella	cytochrome c oxidase subunit I	0	JX177866.1_f0	39.9345335516	Craniella	1	2	1	Craniella cf. leptoderma AS-2012	null	0	1	4	GI:393886000	LSAPGL...GHPEV	cox1	AFN26014.1	null
JX177865.1	GGATTA...GATCC	JX177865.1_source	genomic DNA	New Zealand	null	taxon:1200910	NIWA_28910	Craniella cf. leptoderma AS-2012	Kelly, Michelle	mitochondrion	null	null	null	null	null	null	null	null	null	null	Eukaryota;Metazoa;Porifera;Demospongiae;Tetractinomorpha;Spirophorida;Tetillidae;Craniella	cytochrome c oxidase subunit I	0	JX177865.1_f0	40.6533575318	Craniella	1	2	1	Craniella cf. leptoderma AS-2012	null	0	1	4	GI:393885998	GLMLGD...GGGDP	cox1	AFN26013.1	null
JX177863.1	ACTATC...AAGTT	JX177863.1_source	genomic DNA	New Zealand	authority: Craniella sagitta (Lendenfeld, 1907)	taxon:1199254	NIWA_28929	Craniella sagitta	Kelly, Michelle	mitochondrion	null	null	null	null	null	null	null	null	null	null	Eukaryota;Metazoa;Porifera;Demospongiae;Tetractinomorpha;Spirophorida;Tetillidae;Craniella	cytochrome c oxidase subunit I	0	JX177863.1_f0	40	Craniella	1	2	1	Craniella sagitta	null	0	2	4	GI:393885994	LSAPGL...GHPEV	cox1	AFN26011.1	null
HM592754.1	ATCAAT...TTCGA	HM592754.1_source	genomic DNA	Norway	null	taxon:1006818	ZMBN:85240	Craniella sp. PC-2011	Paco Cardenas	null	Paco Cardenas	24-Oct-2007	null	null	null	null	null	null	null	null	Eukaryota;Metazoa;Porifera;Demospongiae;Tetractinomorpha;Spirophorida;Tetillidae;Craniella	28S large subunit ribosomal RNA	0	HM592754.1_f0	67.1875	Craniella	1	2	1	Craniella sp. PC-2011	C1-D2 domains	null	null	null	null	null	null	null	null
KC122679.1	GACCTT...TATTT	KC122679.1_source	genomic DNA	Norway	color alive: white; field#: PS70/9-4(6); stored at the University of Bergen, Norway	taxon:885873	PC252	Craniella zetlandica	Paco Cardenas	mitochondrion	Paco Cardenas & Friederike Hoffmann	04-Jun-2007	null	null	fwd_name: lco1490, fwd_seq: ggtcaacaaatcataaagatattgg, rev_name: hco2198, rev_seq: taaacttcagggtgaccaaaaaatca	67.50 N 9.42 E	null	null	null	null	Eukaryota;Metazoa;Porifera;Demospongiae;Tetractinomorpha;Spirophorida;Tetillidae;Craniella	cytochrome oxidase subunit I	0	KC122679.1_f0	38.7537993921	Craniella	1	2	1	Craniella zetlandica	Folmer fragment	0	2	4	GI:448871418	TLYLLF...FQHLF	COI	AGE45643.1	null
HE591469.1	ACTAAG...TTTAG	HE591469.1_source	genomic DNA	Norfolk Island:South Norfolk Ridge (Norfanz cruise)	null	taxon:885876	QMG316372	Craniella sp. 3878	John N.A. Hooper	null	null	12-May-2003	null	null	null	null	null	S105	null	null	Eukaryota;Metazoa;Porifera;Demospongiae;Tetractinomorpha;Spirophorida;Tetillidae;Craniella	18S ribosomal RNA	0	HE591469.1_f0	51.0180337405	Craniella	1	2	1	Craniella sp. 3878	null	null	null	null	null	null	18S rRNA	null	null
denovo0	atGATA...ACAAC	denovo0_source	null	null	null	null	null	null	null	null	null	null	null	null	null	null	null	null	NIWA2850	Craniella microsigma cox1	['null']	cytochrome c oxidase subunit I	0	denovo0_f0	39.1380826737	Craniella	1	2	1	Craniella microsigma	null	0	1	4	null	MIGTGF...GYCYN	cox1	null	null
JX177980.1	TTTATT...GCCCG	JX177980.1_source	genomic DNA	New Zealand	null	taxon:1199266	NIWA_28617	Fangophilina sp. MK-2012	Kelly, Michelle	null	null	null	null	null	null	null	null	null	null	null	Eukaryota;Metazoa;Porifera;Demospongiae;Tetractinomorpha;Spirophorida;Tetillidae;Fangophilina	18S ribosomal RNA	0	JX177980.1_f0	51.6547696301	Fangophilina	2	1	1	Fangophilina sp. MK-2012	null	null	null	null	null	null	null	null	null
JX177979.1	TTTATT...GCCCG	JX177979.1_source	genomic DNA	New Zealand	null	taxon:1199266	NIWA_28601	Fangophilina sp. MK-2012	Kelly, Michelle	null	null	null	null	null	null	null	null	null	null	null	Eukaryota;Metazoa;Porifera;Demospongiae;Tetractinomorpha;Spirophorida;Tetillidae;Fangophilina	18S ribosomal RNA	0	JX177979.1_f0	51.6547696301	Fangophilina	2	1	1	Fangophilina sp. MK-2012	null	null	null	null	null	null	null	null	null
JX177978.1	TTTATT...GCCCG	JX177978.1_source	genomic DNA	New Zealand	null	taxon:1199266	NIWA_28586	Fangophilina sp. MK-2012	Kelly, Michelle	null	null	null	null	null	null	null	null	null	null	null	Eukaryota;Metazoa;Porifera;Demospongiae;Tetractinomorpha;Spirophorida;Tetillidae;Fangophilina	18S ribosomal RNA	0	JX177978.1_f0	51.6547696301	Fangophilina	2	1	1	Fangophilina sp. MK-2012	null	null	null	null	null	null	null	null	null
JX177954.1	CCCAGT...AGGCA	JX177954.1_source	genomic DNA	New Zealand	null	taxon:1199266	NIWA_28601	Fangophilina sp. MK-2012	Kelly, Michelle	null	null	null	null	null	null	null	null	null	null	null	Eukaryota;Metazoa;Porifera;Demospongiae;Tetractinomorpha;Spirophorida;Tetillidae;Fangophilina	28S ribosomal RNA	0	JX177954.1_f0	59.9690880989	Fangophilina	2	1	1	Fangophilina sp. MK-2012	C1-D2 region	null	null	null	null	null	null	null	null
JX177953.1	CCCAGT...TTCGA	JX177953.1_source	genomic DNA	New Zealand	null	taxon:1199266	NIWA_28586	Fangophilina sp. MK-2012	Kelly, Michelle	null	null	null	null	null	null	null	null	null	null	null	Eukaryota;Metazoa;Porifera;Demospongiae;Tetractinomorpha;Spirophorida;Tetillidae;Fangophilina	28S ribosomal RNA	0	JX177953.1_f0	61.2820512821	Fangophilina	2	1	1	Fangophilina sp. MK-2012	C1-D2 region	null	null	null	null	null	null	null	null
JX177952.1	CGGGAA...TTCGA	JX177952.1_source	genomic DNA	New Zealand	null	taxon:1199266	NIWA_28614	Fangophilina sp. MK-2012	Kelly, Michelle	null	null	null	null	null	null	null	null	null	null	null	Eukaryota;Metazoa;Porifera;Demospongiae;Tetractinomorpha;Spirophorida;Tetillidae;Fangophilina	28S ribosomal RNA	0	JX177952.1_f0	61.1842105263	Fangophilina	2	1	1	Fangophilina sp. MK-2012	C1-D2 region	null	null	null	null	null	null	null	null
JX177918.1	TACCTT...AATCC	JX177918.1_source	genomic DNA	New Zealand	null	taxon:1199266	NIWA_28586	Fangophilina sp. MK-2012	Kelly, Michelle	mitochondrion	null	null	null	null	null	null	null	null	null	null	Eukaryota;Metazoa;Porifera;Demospongiae;Tetractinomorpha;Spirophorida;Tetillidae;Fangophilina	cytochrome c oxidase subunit I	0	JX177918.1_f0	38.4033613445	Fangophilina	2	1	1	Fangophilina sp. MK-2012	null	0	2	4	GI:392932866	TLYLLF...VLGKI	cox1	AFM91900.1	null
JX177912.1	TTTTTC...GAGTA	JX177912.1_source	genomic DNA	New Zealand	null	taxon:1199266	NIWA_28617	Fangophilina sp. MK-2012	Kelly, Michelle	mitochondrion	null	null	null	null	null	null	null	null	null	null	Eukaryota;Metazoa;Porifera;Demospongiae;Tetractinomorpha;Spirophorida;Tetillidae;Fangophilina	cytochrome c oxidase subunit I	0	JX177912.1_f0	38.1711409396	Fangophilina	2	1	1	Fangophilina sp. MK-2012	null	0	2	4	GI:392932854	FSGMIG...MFIGV	cox1	AFM91894.1	null
AY320032.1	ATGATA...ACTTA	AY320032.1_source	genomic DNA	null	null	taxon:36754	null	Geodia neptuni	null	mitochondrion	null	null	null	null	null	null	null	null	null	null	Eukaryota;Metazoa;Porifera;Demospongiae;Tetractinomorpha;Astrophorida;Geodiidae;Geodia	cytochrome c oxidase subunit 1	0	AY320032.1_f0	35.3166986564	Astrophorida				Geodia neptuni	null	0	1	4	GI:37961470	MLYLTR...YKISN	cox1	AAP59167.1	1.9.3.1
AY737635.1	CCTGGT...CTGCA	AY737635.1_source	genomic DNA	null	null	taxon:36754	13-XI-02-2-301 N7	Geodia neptuni	null	null	null	null	null	null	null	null	null	null	null	null	Eukaryota;Metazoa;Porifera;Demospongiae;Tetractinomorpha;Astrophorida;Geodiidae;Geodia	18S ribosomal RNA	0	AY737635.1_f0	50.9433962264	Astrophorida				Geodia neptuni	null	null	null	null	null	null	null	null	null
EF564339.1	AAAGAT...TTTTG	EF564339.1_source	genomic DNA	null	null	taxon:77183	null	Pachymatisma johnstonia	null	mitochondrion	null	null	PC172	null	null	null	null	null	null	null	Eukaryota;Metazoa;Porifera;Demospongiae;Tetractinomorpha;Astrophorida;Geodiidae;Pachymatisma	cytochrome oxidase subunit I	0	EF564339.1_f0	35.6406480118	Astrophorida				Pachymatisma johnstonia	null	0	1	4	GI:157062481	KDIGTL...LFWFF	COI	ABV03846.1	null
HM592832.1	AGCNAC...CCAGC	HM592832.1_source	genomic DNA	Portugal	null	taxon:77183	ZMA:POR 21442	Pachymatisma johnstonia	Joana Xavier	null	Joana Xavier	18-Sep-2005	null	null	null	null	null	null	null	null	Eukaryota;Metazoa;Porifera;Demospongiae;Tetractinomorpha;Astrophorida;Geodiidae;Pachymatisma	28S large subunit ribosomal RNA	0.0025706941	HM592832.1_f0	66.8380462725	Astrophorida				Pachymatisma johnstonia	C1-D2 domains	null	null	null	null	null	null	null	null
EU442194.1	GACCTT...TATTC	EU442194.1_source	genomic DNA	null	null	taxon:519541	ZMBN 77922	Geodia barretti	null	mitochondrion	null	null	null	null	null	null	null	null	null	null	Eukaryota;Metazoa;Porifera;Demospongiae;Tetractinomorpha;Astrophorida;Geodiidae;Geodia	cytochrome oxidase subunit I	0	EU442194.1_f0	37.2340425532	Astrophorida				Geodia barretti	null	0	2	4	GI:184186394	TLYLLF...FQHLF	COI	ACC68987.1	null
HM592705.1	AACTTT...TATTC	HM592705.1_source	genomic DNA	Italy: Southern Italy	null	taxon:1006834	MNHN:Porifera, unaccessioned	Calthropella geodioides	Paco Cardenas	mitochondrion	Julie Reveillaud	2007	null	null	null	null	null	null	null	null	Eukaryota;Metazoa;Porifera;Demospongiae;Tetractinomorpha;Astrophorida;Calthropellidae;Calthropella	cytochrome c oxidase subunit I	0	HM592705.1_f0	34.8024316109	Astrophorida				Calthropella geodioides	null	0	2	4	GI:329124385	TLYLLF...FQHLF	COI	AEB72070.1	null
HM592826.1	ATCAAT...TTCGA	HM592826.1_source	genomic DNA	Italy: southern Italy	null	taxon:1006834	MNHN:Porifera, unaccessioned	Calthropella geodioides	Paco Cardenas	null	Julie Reveillaud	2007	null	null	null	null	null	null	null	null	Eukaryota;Metazoa;Porifera;Demospongiae;Tetractinomorpha;Astrophorida;Calthropellidae;Calthropella	28S large subunit ribosomal RNA	0	HM592826.1_f0	64.3296432964	Astrophorida				Calthropella geodioides	C1-D2 domains	null	null	null	null	null	null	null	null
HM592717.1	GACTTT...TATTC	HM592717.1_source	genomic DNA	Norway	null	taxon:1006813	ZMBN:85230	Thenea levis	Paco Cardenas	mitochondrion	null	Nov-2008	null	null	null	null	null	null	null	null	Eukaryota;Metazoa;Porifera;Demospongiae;Tetractinomorpha;Astrophorida;Theneidae;Thenea	cytochrome c oxidase subunit I	0	HM592717.1_f0	39.6656534954	Astrophorida				Thenea levis	null	0	2	4	GI:329124409	TLYLLF...FQHLF	COI	AEB72082.1	null
HM592765.1	ATCAAT...TTCGA	HM592765.1_source	genomic DNA	Norway	null	taxon:1006813	ZMBN:85230	Thenea levis	Paco Cardenas	null	null	Nov-2008	null	null	null	null	null	null	null	null	Eukaryota;Metazoa;Porifera;Demospongiae;Tetractinomorpha;Astrophorida;Theneidae;Thenea	28S large subunit ribosomal RNA	0.0012300123	HM592765.1_f0	64.4526445264	Astrophorida				Thenea levis	C1-D2 domains	null	null	null	null	null	null	null	null
HM592745.1	GACCTT...TATTC	HM592745.1_source	genomic DNA	Egypt	null	taxon:37505	ZMA:POR 16637	Theonella swinhoei	Rob van Soest	mitochondrion	D. Youssef	2001	null	null	null	null	null	null	null	null	Eukaryota;Metazoa;Porifera;Demospongiae;Tetractinomorpha;Lithistida;Triaenosina;Theonellidae;Theonella	cytochrome c oxidase subunit I	0.0015197568	HM592745.1_f0	37.0820668693	Astrophorida				Theonella swinhoei	null	0.00456621	2	4	GI:329124465	TLYLLF...FQXLF	COI	AEB72110.1	null
HM592820.1	ATCAAT...TTCGA	HM592820.1_source	genomic DNA	Egypt	null	taxon:37505	ZMA:POR 16637	Theonella swinhoei	Rob van Soest	null	D. Youssef	2001	null	null	null	null	null	null	null	null	Eukaryota;Metazoa;Porifera;Demospongiae;Tetractinomorpha;Lithistida;Triaenosina;Theonellidae;Theonella	28S large subunit ribosomal RNA	0	HM592820.1_f0	63.8957816377	Astrophorida				Theonella swinhoei	C1-D2 domains	null	null	null	null	null	null	null	null
AY348878.1	TCTAAG...AACAA	AY348878.1_source	genomic DNA	null	null	taxon:6047	null	Geodia cydonium	null	null	null	null	null	null	null	null	null	null	null	null	Eukaryota;Metazoa;Porifera;Demospongiae;Tetractinomorpha;Astrophorida;Geodiidae;Geodia	18S ribosomal RNA	0.0005807201	AY348878.1_f0	50.8710801394	Astrophorida				Geodia cydonium	null	null	null	null	null	null	null	null	null
KC902195.1	TTTATT...CCGTT	KC902195.1_source	genomic DNA	Australia	PorToL ID: NCI295	taxon:1199255	0M9H2290-H	Paratetilla bacca	null	null	null	null	null	null	null	null	null	null	null	null	Eukaryota;Metazoa;Porifera;Demospongiae;Tetractinomorpha;Spirophorida;Tetillidae;Paratetilla	small subunit 18S ribosomal RNA	0.0008467401	KC902195.1_f0	51.566469094	Paratetilla	2	1	2	Paratetilla bacca	null	null	null	null	null	null	null	null	null
JX177972.1	ACTAAG...CTTTT	JX177972.1_source	genomic DNA	Indonesia	authority: Paratetilla bacca Wilson, 1925	taxon:1199255	LB_671	Paratetilla bacca	Becking, L.	null	null	null	null	null	null	null	null	null	null	null	Eukaryota;Metazoa;Porifera;Demospongiae;Tetractinomorpha;Spirophorida;Tetillidae;Paratetilla	18S ribosomal RNA	0	JX177972.1_f0	51.9050593379	Paratetilla	2	1	2	Paratetilla bacca	null	null	null	null	null	null	null	null	null
JX177927.1	TTCCCC...CCGTT	JX177927.1_source	genomic DNA	Singapore	null	taxon:1199259	QMG_306342	Paratetilla sp. 2209	Hooper, John	null	null	null	null	null	null	null	null	null	null	null	Eukaryota;Metazoa;Porifera;Demospongiae;Tetractinomorpha;Spirophorida;Tetillidae;Paratetilla	28S ribosomal RNA	0	JX177927.1_f0	65.0224215247	Paratetilla	2	1	2	Paratetilla sp. 2209	C1-D2 region	null	null	null	null	null	null	null	null
JX177926.1	GGTGAT...GCTTA	JX177926.1_source	genomic DNA	Thailand	authority: Paratetilla bacca (Selenka, 1867)	taxon:1199255	SP_DH_S193	Paratetilla bacca	Putchakarn, Sumait	null	null	null	null	null	null	null	null	null	null	null	Eukaryota;Metazoa;Porifera;Demospongiae;Tetractinomorpha;Spirophorida;Tetillidae;Paratetilla	28S ribosomal RNA	0	JX177926.1_f0	63.4844868735	Paratetilla	2	1	2	Paratetilla bacca	C1-D2 region	null	null	null	null	null	null	null	null
JX177925.1	ATAAGC...TTCGA	JX177925.1_source	genomic DNA	Indonesia	authority: Paratetilla bacca (Selenka, 1867)	taxon:1199255	RMNH_POR_3206	Paratetilla bacca	Becking, L.	null	null	null	null	null	null	null	null	null	null	null	Eukaryota;Metazoa;Porifera;Demospongiae;Tetractinomorpha;Spirophorida;Tetillidae;Paratetilla	28S ribosomal RNA	0.0024600246	JX177925.1_f0	65.5596555966	Paratetilla	2	1	2	Paratetilla bacca	C1-D2 region	null	null	null	null	null	null	null	null
JX177924.1	ATATCA...CCCAT	JX177924.1_source	genomic DNA	Australia	null	taxon:885878	QMG_314224	Paratetilla sp. 2656	Hooper, John	null	null	null	null	null	null	null	null	null	null	null	Eukaryota;Metazoa;Porifera;Demospongiae;Tetractinomorpha;Spirophorida;Tetillidae;Paratetilla	28S ribosomal RNA	0	JX177924.1_f0	58.5152838428	Paratetilla	2	1	2	Paratetilla sp. 2656	C1-D2 region	null	null	null	null	null	null	null	null
JX177923.1	AGAGCA...GCCGG	JX177923.1_source	genomic DNA	Indonesia	authority: Paratetilla bacca Wilson, 1925	taxon:1199255	LB_671	Paratetilla bacca	Becking, L.	null	null	null	null	null	null	null	null	null	null	null	Eukaryota;Metazoa;Porifera;Demospongiae;Tetractinomorpha;Spirophorida;Tetillidae;Paratetilla	28S ribosomal RNA	0.0029761905	JX177923.1_f0	64.5833333333	Paratetilla	2	1	2	Paratetilla bacca	C1-D2 region	null	null	null	null	null	null	null	null
JX177900.1	TACGTT...CTCCT	JX177900.1_source	genomic DNA	Thailand	authority: Paratetilla bacca (Selenka, 1867)	taxon:1199255	SP_DH_S193	Paratetilla bacca	Putchakarn, Sumait	mitochondrion	null	null	null	null	null	null	null	null	null	null	Eukaryota;Metazoa;Porifera;Demospongiae;Tetractinomorpha;Spirophorida;Tetillidae;Paratetilla	cytochrome c oxidase subunit I	0	JX177900.1_f0	38.4854771784	Paratetilla	2	1	2	Paratetilla bacca	null	0	2	4	GI:392932830	TLYLLF...RTDTP	cox1	AFM91882.1	null
JX177894.1	TACGTT...TACTC	JX177894.1_source	genomic DNA	Indonesia	authority: Paratetilla bacca (Selenka, 1867)	taxon:1199255	LB_622	Paratetilla bacca	Becking, Leontine E.	mitochondrion	null	null	null	null	null	null	null	null	null	null	Eukaryota;Metazoa;Porifera;Demospongiae;Tetractinomorpha;Spirophorida;Tetillidae;Paratetilla	cytochrome c oxidase subunit I	0.1226611227	JX177894.1_f0	34.5114345114	Paratetilla	2	1	2	Paratetilla bacca	null	0.121875	2	4	GI:392932818	TLYLLF...VRTDT	cox1	AFM91876.1	null
JX177893.1	TACGTT...ACTCC	JX177893.1_source	genomic DNA	Indonesia	authority: Paratetilla bacca Wilson, 1925	taxon:1199255	LB_671	Paratetilla bacca	Becking, Leontine E.	mitochondrion	null	null	null	null	null	null	null	null	null	null	Eukaryota;Metazoa;Porifera;Demospongiae;Tetractinomorpha;Spirophorida;Tetillidae;Paratetilla	cytochrome c oxidase subunit I	0.1277258567	JX177893.1_f0	34.1640706127	Paratetilla	2	1	2	Paratetilla bacca	null	0.1308411215	2	4	GI:392932816	TLYLLF...RTDTP	cox1	AFM91875.1	null
JX177892.1	TTGGGG...ACTCC	JX177892.1_source	genomic DNA	Indonesia	authority: Paratetilla bacca (Selenka, 1867)	taxon:1199255	RMNH_POR_3206	Paratetilla bacca	Becking, Leontine E.	mitochondrion	null	null	null	null	null	null	null	null	null	null	Eukaryota;Metazoa;Porifera;Demospongiae;Tetractinomorpha;Spirophorida;Tetillidae;Paratetilla	cytochrome c oxidase subunit I	0	JX177892.1_f0	38.7802071346	Paratetilla	2	1	2	Paratetilla bacca	null	0	1	4	GI:392932814	LGDDQL...RTDTP	cox1	AFM91874.1	null
JX177891.1	TTGGGG...CCTAT	JX177891.1_source	genomic DNA	Indonesia	authority: Paratetilla bacca (Selenka, 1867)	taxon:1199255	RMNH_POR_310	Paratetilla bacca	Becking, Leontine E.	mitochondrion	null	null	null	null	null	null	null	null	null	null	Eukaryota;Metazoa;Porifera;Demospongiae;Tetractinomorpha;Spirophorida;Tetillidae;Paratetilla	cytochrome c oxidase subunit I	0.1456422018	JX177891.1_f0	33.6009174312	Paratetilla	2	1	2	Paratetilla bacca	null	0.1482758621	1	4	GI:392932812	LGDDQL...RTDTP	cox1	AFM91873.1	null
JX177870.1	GGGGAT...GGTGA	JX177870.1_source	genomic DNA	Indonesia	authority: Paratetilla bacca Wilson, 1925	taxon:1199255	LB_1231	Paratetilla bacca	Becking, Leontine E.	mitochondrion	null	null	null	null	null	null	null	null	null	null	Eukaryota;Metazoa;Porifera;Demospongiae;Tetractinomorpha;Spirophorida;Tetillidae;Paratetilla	cytochrome c oxidase subunit I	0	JX177870.1_f0	39.552238806	Paratetilla	2	1	2	Paratetilla bacca	null	0	1	4	GI:392932770	GDDQLY...PAGGG	cox1	AFM91852.1	null
HM032744.1	ACGTTA...TTGCC	HM032744.1_source	genomic DNA	Australia	null	taxon:885878	QMG314224	Paratetilla sp. 2656	null	mitochondrion	null	null	null	null	null	null	null	null	null	null	Eukaryota;Metazoa;Porifera;Demospongiae;Tetractinomorpha;Spirophorida;Tetillidae;Paratetilla	cytochrome c oxidase subunit I	0	HM032744.1_f0	38.9784946237	Paratetilla	2	1	2	Paratetilla sp. 2656	null	0	1	4	GI:308125264	TLYLLF...GAIFA	cox1	ADO14983.1	1.6.3.1
JQ236883.1	AATGTT...GCCAT	JQ236883.1_source	genomic DNA	null	null	taxon:1137635	null	Paratetilla sp. KRC-2012	null	mitochondrion	null	null	null	null	null	null	null	null	null	null	Eukaryota;Metazoa;Porifera;Demospongiae;Tetractinomorpha;Spirophorida;Tetillidae;Paratetilla	cytochrome c oxidase subunit I	0	JQ236883.1_f0	38.9215686275	Paratetilla	2	1	2	Paratetilla sp. KRC-2012	null	0	2	4	GI:374341588	MLGDDQ...LSMGA	coxI	AEZ35212.1	null
JX177961.1	GTCTAA...TCGAA	JX177961.1_source	genomic DNA	Thailand	authority: Tetilla japonica Lampe, 1886	taxon:29776	SP_DH_S192	Tetilla japonica	Putchakarn, Sumait	null	null	null	null	null	null	null	null	null	null	null	Eukaryota;Metazoa;Porifera;Demospongiae;Tetractinomorpha;Spirophorida;Tetillidae;Tetilla	18S ribosomal RNA	0	JX177961.1_f0	50.9174311927	Tetilla	1	1	1	Tetilla japonica	null	null	null	null	null	null	null	null	null
JX177958.1	AGGGTG...GTGCC	JX177958.1_source	genomic DNA	Brazil	authority: Tetilla muricyi Fernandez, Peixinho, Pinheiro & Menegola, 2011	taxon:1199256	UFBA_2586_POR	Tetilla muricyi	Fernandez, Julio C. C.	null	null	null	null	null	null	null	null	null	null	null	Eukaryota;Metazoa;Porifera;Demospongiae;Tetractinomorpha;Spirophorida;Tetillidae;Tetilla	28S ribosomal RNA	0.0035523979	JX177958.1_f0	66.0746003552	Tetilla	1	1	1	Tetilla muricyi	C1-D2 region	null	null	null	null	null	null	null	null
JX177957.1	ATCAAT...TTCGA	JX177957.1_source	genomic DNA	Brazil	authority: Tetilla radiata Selenka, 1879	taxon:624303	NMRJ_576	Tetilla radiata	Hajdu, E.	null	null	null	null	null	null	null	null	null	null	null	Eukaryota;Metazoa;Porifera;Demospongiae;Tetractinomorpha;Spirophorida;Tetillidae;Tetilla	28S ribosomal RNA	0	JX177957.1_f0	62.5609756098	Tetilla	1	1	1	Tetilla radiata	C1-D2 region	null	null	null	null	null	null	null	null
JX177956.1	AATAAG...AGCCT	JX177956.1_source	genomic DNA	Thailand	authority: Tetilla japonica Lampe, 1886	taxon:29776	SP_DH_S192	Tetilla japonica	Putchakarn, Sumait	null	null	null	null	null	null	null	null	null	null	null	Eukaryota;Metazoa;Porifera;Demospongiae;Tetractinomorpha;Spirophorida;Tetillidae;Tetilla	28S ribosomal RNA	0	JX177956.1_f0	60.9308885755	Tetilla	1	1	1	Tetilla japonica	C1-D2 region	null	null	null	null	null	null	null	null
JX177901.1	GACCTT...ATTTA	JX177901.1_source	genomic DNA	Thailand	authority: Tetilla japonica Lampe, 1886	taxon:29776	SP_DH_S192	Tetilla japonica	Putchakarn, Sumait	mitochondrion	null	null	null	null	null	null	null	null	null	null	Eukaryota;Metazoa;Porifera;Demospongiae;Tetractinomorpha;Spirophorida;Tetillidae;Tetilla	cytochrome c oxidase subunit I	0	JX177901.1_f0	36.9451697128	Tetilla	1	1	1	Tetilla japonica	null	0	2	4	GI:392932832	TLYLLF...IFGYL	cox1	AFM91883.1	null
JX177899.1	AGTTAT...ACTTA	JX177899.1_source	genomic DNA	Brazil	authority: Tetilla pentatriaena Fernandez, Peixinho, Pinheiro & Menegola, 2011	taxon:1199257	UFBA_3646_POR	Tetilla pentatriaena	Fernandez, Julio C. C.	mitochondrion	null	null	null	null	null	null	null	null	null	null	Eukaryota;Metazoa;Porifera;Demospongiae;Tetractinomorpha;Spirophorida;Tetillidae;Tetilla	cytochrome c oxidase subunit I	0	JX177899.1_f0	37.3970345964	Tetilla	1	1	1	Tetilla pentatriaena	null	0	2	4	GI:392932828	VMPVMI...IFGYL	cox1	AFM91881.1	null
JX177898.1	GACCTT...GAGGT	JX177898.1_source	genomic DNA	Brazil	authority: Tetilla muricyi Fernandez, Peixinho, Pinheiro & Menegola, 2011	taxon:1199256	UFBA_2586_POR	Tetilla muricyi	Fernandez, Julio C. C.	mitochondrion	null	null	null	null	null	null	null	null	null	null	Eukaryota;Metazoa;Porifera;Demospongiae;Tetractinomorpha;Spirophorida;Tetillidae;Tetilla	cytochrome c oxidase subunit I	0	JX177898.1_f0	39.9681528662	Tetilla	1	1	1	Tetilla muricyi	null	0	2	4	GI:392932826	TLYLLF...DPAGG	cox1	AFM91880.1	null
HM032749.2	ACGTTA...TTTAT	HM032749.2_source	genomic DNA	Antarctica	null	taxon:885872	QMG315031	Tetilla leptoderma	null	mitochondrion	null	null	null	null	null	null	null	null	null	null	Eukaryota;Metazoa;Porifera;Demospongiae;Tetractinomorpha;Spirophorida;Tetillidae;Tetilla	cytochrome c oxidase subunit I	0	HM032749.2_f0	39.1534391534	Tetilla	1	1	1	Tetilla leptoderma	null	0	1	4	GI:308125274	TLYLLF...FGGVY	cox1	ADO14988.1	1.6.3.1
HM032742.1	ACCTTA...GAGTA	HM032742.1_source	genomic DNA	Brazil	null	taxon:624303	MNRJ 576	Tetilla radiata	null	mitochondrion	null	null	null	null	null	null	null	null	null	null	Eukaryota;Metazoa;Porifera;Demospongiae;Tetractinomorpha;Spirophorida;Tetillidae;Tetilla	cytochrome c oxidase subunit I	0	HM032742.1_f0	36.8724279835	Tetilla	1	1	1	Tetilla radiata	null	0	1	4	GI:308125259	TLYLLF...MFIGV	cox1	ADO14980.1	1.6.3.1
D15067.1	CTCAAA...GAAGT	D15067.1_source	genomic DNA	null	null	taxon:29776	null	Tetilla japonica	null	null	null	null	null	null	null	null	null	null	null	null	Eukaryota;Metazoa;Porifera;Demospongiae;Tetractinomorpha;Spirophorida;Tetillidae;Tetilla	18S ribosomal RNA	0	D15067.1_f0	50.3496503497	Tetilla	1	1	1	Tetilla japonica	null	null	1	4	null	MIGTGF...GYCYN	null	null	null
