record_id	seq	source:_feature_id	source:_mol_type	source:_country	source:_note	source:_db_xref	source:_specimen_voucher	source:_organism	source:_identified_by	source:_organelle	source:_collected_by	source:_collection_date	source:_isolate	source:_isolation_source	source:_PCR_primers	source:_lat_lon	source:_common	source:_tissue_lib	source:_original_id	source:_original_desc	taxonomy	product	specimen_voucher	nuc_degen_prop	OTU_dict	feature_id	GC_content	genus	organism	note	prot_degen_prop	codon_start	transl_table	db_xref	translation	gene	protein_id	EC_number
KC902343.1	GTCTCA...ATTTA	KC902343.1_source	genomic DNA	Australia	PorToL ID: NCI376	taxon:1342549	0M9H2022-P	Cinachyrella cf. paterifera 0M9H2022-P	null	null	null	null	null	null	null	null	null	null	null	null	Eukaryota;Metazoa;Porifera;Demospongiae;Tetractinomorpha;Spirophorida;Tetillidae;Cinachyrella	small subunit 18S ribosomal RNA	0M9H2022-P	0.0	0M9H2022-P	KC902343.1_f0	52.0833333333	Cinachyrella	Cinachyrella cf. paterifera 0M9H2022-P	null	null	null	null	null	null	null	null	null
KC902290.1	TATGAA...ATTTA	KC902290.1_source	genomic DNA	Panama: Bocas del Toro, Buoy 19	PorToL ID: P79	taxon:458489	USNM_1133786	Cinachyrella kuekenthali	null	null	null	null	null	null	null	null	null	null	null	null	Eukaryota;Metazoa;Porifera;Demospongiae;Tetractinomorpha;Spirophorida;Tetillidae;Cinachyrella	small subunit 18S ribosomal RNA	USNM_1133786	0.000589275191514	USNM_1133786	KC902290.1_f0	51.9740718916	Cinachyrella	Cinachyrella kuekenthali	null	null	null	null	null	null	null	null	null
KC902265.1	GTCTCA...ATTTA	KC902265.1_source	genomic DNA	Philippines	PorToL ID: NCI353	taxon:1342558	0CDN5142-X	Craniella sp. 0CDN5142-X	null	null	null	null	null	null	null	null	null	null	null	null	Eukaryota;Metazoa;Porifera;Demospongiae;Tetractinomorpha;Spirophorida;Tetillidae;Craniella	small subunit 18S ribosomal RNA	0CDN5142-X	0.0	0CDN5142-X	KC902265.1_f0	50.7246376812	Craniella	Craniella sp. 0CDN5142-X	null	null	null	null	null	null	null	null	null
KC902264.1	GTCTCA...ATTTA	KC902264.1_source	genomic DNA	USA	PorToL ID: NCI341	taxon:666329	0M9G1250-W	Cinachyrella alloclada	null	null	null	null	null	null	null	null	null	null	null	null	Eukaryota;Metazoa;Porifera;Demospongiae;Tetractinomorpha;Spirophorida;Tetillidae;Cinachyrella	small subunit 18S ribosomal RNA	0M9G1250-W	0.000579038795599	0M9G1250-W	KC902264.1_f0	51.8818760857	Cinachyrella	Cinachyrella alloclada	null	null	null	null	null	null	null	null	null
KC902195.1	TTTATT...CCGTT	KC902195.1_source	genomic DNA	Australia	PorToL ID: NCI295	taxon:1199255	0M9H2290-H	Paratetilla bacca	null	null	null	null	null	null	null	null	null	null	null	null	Eukaryota;Metazoa;Porifera;Demospongiae;Tetractinomorpha;Spirophorida;Tetillidae;Paratetilla	small subunit 18S ribosomal RNA	0M9H2290-H	0.000846740050804	0M9H2290-H	KC902195.1_f0	51.566469094	Paratetilla	Paratetilla bacca	null	null	null	null	null	null	null	null	null
KC902189.1	GTCTCA...ATTTA	KC902189.1_source	genomic DNA	Panama: Bocas del Toro, Dolphin Rock	PorToL ID: P12x320	taxon:1342551	USNM_1204829	Cinachyrella sp. USNM 1204829	null	null	null	null	null	null	null	null	null	null	null	null	Eukaryota;Metazoa;Porifera;Demospongiae;Tetractinomorpha;Spirophorida;Tetillidae;Cinachyrella	small subunit 18S ribosomal RNA	USNM_1204829	0.0	USNM_1204829	KC902189.1_f0	51.9397799653	Cinachyrella	Cinachyrella sp. USNM 1204829	null	null	null	null	null	null	null	null	null
KC902108.1	AGTATG...ATTTA	KC902108.1_source	genomic DNA	Panama: Bocas del Toro, Wild Cane Cay	PorToL ID: P123	taxon:666329	USNM_1133831	Cinachyrella alloclada	null	null	null	null	null	null	null	null	null	null	null	null	Eukaryota;Metazoa;Porifera;Demospongiae;Tetractinomorpha;Spirophorida;Tetillidae;Cinachyrella	small subunit 18S ribosomal RNA	USNM_1133831	0.0	USNM_1133831	KC902108.1_f0	52.0894643908	Cinachyrella	Cinachyrella alloclada	null	null	null	null	null	null	null	null	null
KC902033.1	TAAGCC...ATTTA	KC902033.1_source	genomic DNA	American Samoa	PorToL ID: NCI318	taxon:1342521	0CDN8107-V	Acanthotetilla cf. seychellensis 0CDN8107-V	null	null	null	null	null	null	null	null	null	null	null	null	Eukaryota;Metazoa;Porifera;Demospongiae;Tetractinomorpha;Spirophorida;Tetillidae;Acanthotetilla	small subunit 18S ribosomal RNA	0CDN8107-V	0.0	0CDN8107-V	KC902033.1_f0	52.0396270396	Acanthotetilla	Acanthotetilla cf. seychellensis 0CDN8107-V	null	null	null	null	null	null	null	null	null
KC901899.1	GTCTCA...ATTTA	KC901899.1_source	genomic DNA	Panama: Bocas del Toro, Las Cuevas	PorToL ID: P12x317	taxon:1342550	USNM_1204826	Cinachyrella sp. USNM 1204826	null	null	null	null	null	null	null	null	null	null	null	null	Eukaryota;Metazoa;Porifera;Demospongiae;Tetractinomorpha;Spirophorida;Tetillidae;Cinachyrella	small subunit 18S ribosomal RNA	USNM_1204826	0.0	USNM_1204826	KC901899.1_f0	51.9397799653	Cinachyrella	Cinachyrella sp. USNM 1204826	null	null	null	null	null	null	null	null	null
JX177987.1	TCATAT...GTATG	JX177987.1_source	genomic DNA	Norway	authority: Craniella cranium (Mueller, 1776)	taxon:1006792	ZMBN_85239	Craniella cranium	Paco Cardenas & Hans Tore Rap	null	null	null	null	null	null	null	null	null	null	null	Eukaryota;Metazoa;Porifera;Demospongiae;Tetractinomorpha;Spirophorida;Tetillidae;Craniella	18S ribosomal RNA	ZMBN_85239	0.000902527075812	ZMBN_85239	JX177987.1_f0	49.9097472924	Craniella	Craniella cranium	null	null	null	null	null	null	null	null	null
JX177986.1	TCGTTT...CTTTG	JX177986.1_source	genomic DNA	Iceland	authority: Craniella zetlandica (Carter, 1872)	taxon:885873	VM_14754	Craniella zetlandica	Paco Cardenas & Hans Tore Rap	null	null	null	null	null	null	null	null	null	null	null	Eukaryota;Metazoa;Porifera;Demospongiae;Tetractinomorpha;Spirophorida;Tetillidae;Craniella	18S ribosomal RNA	VM_14754	0.00065963060686	VM_14754	JX177986.1_f0	52.1767810026	Craniella	Craniella zetlandica	null	null	null	null	null	null	null	null	null
JX177985.1	TCGTTT...AACAA	JX177985.1_source	genomic DNA	Australia	null	taxon:885875	QMG_318785	Craniella sp. 3318	Hooper, John	null	null	null	null	null	null	null	null	null	null	null	Eukaryota;Metazoa;Porifera;Demospongiae;Tetractinomorpha;Spirophorida;Tetillidae;Craniella	18S ribosomal RNA	QMG_318785	0.0	QMG_318785	JX177985.1_f0	50.487804878	Craniella	Craniella sp. 3318	null	null	null	null	null	null	null	null	null
JX177984.1	TTTATT...GCCCG	JX177984.1_source	genomic DNA	New Zealand	authority: Craniella neocaledoniae Levi & Levi, 1983	taxon:1199253	NIWA_28591	Craniella neocaledoniae	Kelly, Michelle	null	null	null	null	null	null	null	null	null	null	null	Eukaryota;Metazoa;Porifera;Demospongiae;Tetractinomorpha;Spirophorida;Tetillidae;Craniella	18S ribosomal RNA	NIWA_28591	0.0	NIWA_28591	JX177984.1_f0	51.8806744488	Craniella	Craniella neocaledoniae	null	null	null	null	null	null	null	null	null
JX177983.1	AAAGCC...TTAGA	JX177983.1_source	genomic DNA	Australia	null	taxon:885876	QMG_316342	Craniella sp. 3878	Hooper, John	null	null	null	null	null	null	null	null	null	null	null	Eukaryota;Metazoa;Porifera;Demospongiae;Tetractinomorpha;Spirophorida;Tetillidae;Craniella	18S ribosomal RNA	QMG_316342	0.0	QMG_316342	JX177983.1_f0	50.9895227008	Craniella	Craniella sp. 3878	null	null	null	null	null	null	null	null	null
JX177982.1	CGTTTT...CGCCC	JX177982.1_source	genomic DNA	New Zealand	authority: Craniella cf. leptoderma AS-2012 Kirkpatrick, 1908	taxon:1200910	NIWA_28910	Craniella cf. leptoderma AS-2012	Kelly, Michelle	null	null	null	null	null	null	null	null	null	null	null	Eukaryota;Metazoa;Porifera;Demospongiae;Tetractinomorpha;Spirophorida;Tetillidae;Craniella	18S ribosomal RNA	NIWA_28910	0.0	NIWA_28910	JX177982.1_f0	51.7354289456	Craniella	Craniella cf. leptoderma AS-2012	null	null	null	null	null	null	null	null	null
JX177981.1	TACATG...GCCCG	JX177981.1_source	genomic DNA	New Zealand	authority: Craniella sagitta (Lendenfeld, 1907)	taxon:1199254	NIWA_25206	Craniella sagitta	Kelly, Michelle	null	null	null	null	null	null	null	null	null	null	null	Eukaryota;Metazoa;Porifera;Demospongiae;Tetractinomorpha;Spirophorida;Tetillidae;Craniella	18S ribosomal RNA	NIWA_25206	0.0	NIWA_25206	JX177981.1_f0	51.9736842105	Craniella	Craniella sagitta	null	null	null	null	null	null	null	null	null
JX177980.1	TTTATT...GCCCG	JX177980.1_source	genomic DNA	New Zealand	null	taxon:1199266	NIWA_28617	Fangophilina sp. MK-2012	Kelly, Michelle	null	null	null	null	null	null	null	null	null	null	null	Eukaryota;Metazoa;Porifera;Demospongiae;Tetractinomorpha;Spirophorida;Tetillidae;Fangophilina	18S ribosomal RNA	NIWA_28617	0.0	NIWA_28617	JX177980.1_f0	51.6547696301	Fangophilina	Fangophilina sp. MK-2012	null	null	null	null	null	null	null	null	null
JX177979.1	TTTATT...GCCCG	JX177979.1_source	genomic DNA	New Zealand	null	taxon:1199266	NIWA_28601	Fangophilina sp. MK-2012	Kelly, Michelle	null	null	null	null	null	null	null	null	null	null	null	Eukaryota;Metazoa;Porifera;Demospongiae;Tetractinomorpha;Spirophorida;Tetillidae;Fangophilina	18S ribosomal RNA	NIWA_28601	0.0	NIWA_28601	JX177979.1_f0	51.6547696301	Fangophilina	Fangophilina sp. MK-2012	null	null	null	null	null	null	null	null	null
JX177978.1	TTTATT...GCCCG	JX177978.1_source	genomic DNA	New Zealand	null	taxon:1199266	NIWA_28586	Fangophilina sp. MK-2012	Kelly, Michelle	null	null	null	null	null	null	null	null	null	null	null	Eukaryota;Metazoa;Porifera;Demospongiae;Tetractinomorpha;Spirophorida;Tetillidae;Fangophilina	18S ribosomal RNA	NIWA_28586	0.0	NIWA_28586	JX177978.1_f0	51.6547696301	Fangophilina	Fangophilina sp. MK-2012	null	null	null	null	null	null	null	null	null
JX177976.1	TTTATT...GCCCG	JX177976.1_source	genomic DNA	New Zealand	authority: Craniella cf. leptoderma AS-2012 Kirkpatrick, 1908	taxon:1200910	NIWA_28524	Craniella cf. leptoderma AS-2012	Kelly, Michelle	null	null	null	null	null	null	null	null	null	null	null	Eukaryota;Metazoa;Porifera;Demospongiae;Tetractinomorpha;Spirophorida;Tetillidae;Craniella	18S ribosomal RNA	NIWA_28524	0.0	NIWA_28524	JX177976.1_f0	51.5249837768	Craniella	Craniella cf. leptoderma AS-2012	null	null	null	null	null	null	null	null	null
JX177975.1	TTTATT...GCCCG	JX177975.1_source	genomic DNA	New Zealand	authority: Craniella cf. leptoderma AS-2012 Kirkpatrick, 1908	taxon:1200910	NIWA_28507	Craniella cf. leptoderma AS-2012	Kelly, Michelle	null	null	null	null	null	null	null	null	null	null	null	Eukaryota;Metazoa;Porifera;Demospongiae;Tetractinomorpha;Spirophorida;Tetillidae;Craniella	18S ribosomal RNA	NIWA_28507	0.0	NIWA_28507	JX177975.1_f0	51.5249837768	Craniella	Craniella cf. leptoderma AS-2012	null	null	null	null	null	null	null	null	null
JX177974.1	TAAGCC...GACAA	JX177974.1_source	genomic DNA	Australia	authority: Craniella cf. leptoderma AS-2012 Kirkpatrick, 1908	taxon:1200910	QMG_315031	Craniella cf. leptoderma AS-2012	Hooper, John	null	null	null	null	null	null	null	null	null	null	null	Eukaryota;Metazoa;Porifera;Demospongiae;Tetractinomorpha;Spirophorida;Tetillidae;Craniella	18S ribosomal RNA	QMG_315031	0.0	QMG_315031	JX177974.1_f0	49.7424576895	Craniella	Craniella cf. leptoderma AS-2012	null	null	null	null	null	null	null	null	null
JX177973.1	CATGGA...GACAA	JX177973.1_source	genomic DNA	Australia	authority: Cinachyrella schulzei (Keller, 1891)	taxon:885871	QMG_320143	Cinachyrella schulzei	Hooper, John	null	null	null	null	null	null	null	null	null	null	null	Eukaryota;Metazoa;Porifera;Demospongiae;Tetractinomorpha;Spirophorida;Tetillidae;Cinachyrella	18S ribosomal RNA	QMG_320143	0.0	QMG_320143	JX177973.1_f0	52.1739130435	Cinachyrella	Cinachyrella schulzei	null	null	null	null	null	null	null	null	null
JX177972.1	ACTAAG...CTTTT	JX177972.1_source	genomic DNA	Indonesia	authority: Paratetilla bacca Wilson, 1925	taxon:1199255	LB_671	Paratetilla bacca	Becking, L.	null	null	null	null	null	null	null	null	null	null	null	Eukaryota;Metazoa;Porifera;Demospongiae;Tetractinomorpha;Spirophorida;Tetillidae;Paratetilla	18S ribosomal RNA	LB_671	0.0	LB_671	JX177972.1_f0	51.9050593379	Paratetilla	Paratetilla bacca	null	null	null	null	null	null	null	null	null
JX177971.1	ATAAGC...TTTAG	JX177971.1_source	genomic DNA	Australia	authority: Cinachyrella schulzei (Keller, 1891)	taxon:885871	QMG_320636	Cinachyrella schulzei	Hooper, John	null	null	null	null	null	null	null	null	null	null	null	Eukaryota;Metazoa;Porifera;Demospongiae;Tetractinomorpha;Spirophorida;Tetillidae;Cinachyrella	18S ribosomal RNA	QMG_320636	0.0	QMG_320636	JX177971.1_f0	52.123327516	Cinachyrella	Cinachyrella schulzei	null	null	null	null	null	null	null	null	null
JX177970.1	CCATGC...TTAGA	JX177970.1_source	genomic DNA	Israel	authority: Cinachyrella levantinensis Vacelet, Bitar, Carteron, Zibrowius & Perez, 2007	taxon:878253	TAU_25529	Cinachyrella levantinensis	Ilan, Micha	null	null	null	null	null	null	null	null	null	null	null	Eukaryota;Metazoa;Porifera;Demospongiae;Tetractinomorpha;Spirophorida;Tetillidae;Cinachyrella	18S ribosomal RNA	TAU_25529	0.0	TAU_25529	JX177970.1_f0	51.9556333917	Cinachyrella	Cinachyrella levantinensis	null	null	null	null	null	null	null	null	null
JX177969.1	AAAGCC...TTTAG	JX177969.1_source	genomic DNA	Israel	authority: Cinachyrella levantinensis Vacelet, Bitar, Carteron, Zibrowius & Perez, 2007	taxon:878253	TAU_25568	Cinachyrella levantinensis	Ilan, Micha	null	null	null	null	null	null	null	null	null	null	null	Eukaryota;Metazoa;Porifera;Demospongiae;Tetractinomorpha;Spirophorida;Tetillidae;Cinachyrella	18S ribosomal RNA	TAU_25568	0.0	TAU_25568	JX177969.1_f0	51.9230769231	Cinachyrella	Cinachyrella levantinensis	null	null	null	null	null	null	null	null	null
JX177968.1	TACTGT...ATTTC	JX177968.1_source	genomic DNA	Australia	authority: Cinachyrella australiensis (Carter, 1886)	taxon:885870	QMG_320656	Cinachyrella australiensis	Hooper, John	null	null	null	null	null	null	null	null	null	null	null	Eukaryota;Metazoa;Porifera;Demospongiae;Tetractinomorpha;Spirophorida;Tetillidae;Cinachyrella	18S ribosomal RNA	QMG_321405	0.0	QMG_321405	JX177968.1_f0	52.4441762221	Cinachyrella	Cinachyrella australiensis	null	null	null	null	null	null	null	null	null
JX177967.1	AAGCCA...TTTAG	JX177967.1_source	genomic DNA	Australia	authority: Cinachyrella australiensis (Carter, 1886)	taxon:885870	QMG_320656	Cinachyrella australiensis	Hooper, John	null	null	null	null	null	null	null	null	null	null	null	Eukaryota;Metazoa;Porifera;Demospongiae;Tetractinomorpha;Spirophorida;Tetillidae;Cinachyrella	18S ribosomal RNA	QMG_320656	0.0	QMG_320656	JX177967.1_f0	52.0979020979	Cinachyrella	Cinachyrella australiensis	null	null	null	null	null	null	null	null	null
JX177966.1	AAATCA...GATTT	JX177966.1_source	genomic DNA	Australia	authority: Cinachyrella australiensis (Carter, 1886)	taxon:885870	QMG_320216	Cinachyrella australiensis	Hooper, John	null	null	null	null	null	null	null	null	null	null	null	Eukaryota;Metazoa;Porifera;Demospongiae;Tetractinomorpha;Spirophorida;Tetillidae;Cinachyrella	18S ribosomal RNA	QMG_320216	0.0	QMG_320216	JX177966.1_f0	52.5766871166	Cinachyrella	Cinachyrella australiensis	null	null	null	null	null	null	null	null	null
JX177965.1	GTAATT...GCCCT	JX177965.1_source	genomic DNA	Panama	authority: Cinachyrella alloclada (Uliczka, 1929)	taxon:666329	DH_S271	Cinachyrella alloclada	Ilan, Micha	null	null	null	null	null	null	null	null	null	null	null	Eukaryota;Metazoa;Porifera;Demospongiae;Tetractinomorpha;Spirophorida;Tetillidae;Cinachyrella	18S ribosomal RNA	TAU_25617	0.0	TAU_25617	JX177965.1_f0	52.7553763441	Cinachyrella	Cinachyrella alloclada	null	null	null	null	null	null	null	null	null
JX177964.1	CTTGCT...TTACG	JX177964.1_source	genomic DNA	Tanzania	null	taxon:1199258	MI_M728	Cinachyrella sp. MI-2012	Ilan, Micha	null	null	null	null	null	null	null	null	null	null	null	Eukaryota;Metazoa;Porifera;Demospongiae;Tetractinomorpha;Spirophorida;Tetillidae;Cinachyrella	18S ribosomal RNA	TAU_25621	0.0	TAU_25621	JX177964.1_f0	52.5016677785	Cinachyrella	Cinachyrella sp. MI-2012	null	null	null	null	null	null	null	null	null
JX177963.1	CTGCGA...AATGG	JX177963.1_source	genomic DNA	Australia	null	taxon:885874	QMG_320270	Cinachyrella sp. 3473	Hooper, John	null	null	null	null	null	null	null	null	null	null	null	Eukaryota;Metazoa;Porifera;Demospongiae;Tetractinomorpha;Spirophorida;Tetillidae;Cinachyrella	18S ribosomal RNA	QMG_320270	0.0	QMG_320270	JX177963.1_f0	52.1383647799	Cinachyrella	Cinachyrella sp. 3473	null	null	null	null	null	null	null	null	null
JX177962.1	GGATAA...CTGCC	JX177962.1_source	genomic DNA	Tanzania	null	taxon:1199258	MI_M761	Cinachyrella sp. MI-2012	Ilan, Micha	null	null	null	null	null	null	null	null	null	null	null	Eukaryota;Metazoa;Porifera;Demospongiae;Tetractinomorpha;Spirophorida;Tetillidae;Cinachyrella	18S ribosomal RNA	TAU_25622	0.0	TAU_25622	JX177962.1_f0	52.7054108216	Cinachyrella	Cinachyrella sp. MI-2012	null	null	null	null	null	null	null	null	null
JX177961.1	GTCTAA...TCGAA	JX177961.1_source	genomic DNA	Thailand	authority: Tetilla japonica Lampe, 1886	taxon:29776	SP_DH_S192	Tetilla japonica	Putchakarn, Sumait	null	null	null	null	null	null	null	null	null	null	null	Eukaryota;Metazoa;Porifera;Demospongiae;Tetractinomorpha;Spirophorida;Tetillidae;Tetilla	18S ribosomal RNA	TAU_25619	0.0	TAU_25619	JX177961.1_f0	50.9174311927	Tetilla	Tetilla japonica	null	null	null	null	null	null	null	null	null
JX177960.1	AGGGTG...TTCGA	JX177960.1_source	genomic DNA	Iceland	authority: Craniella zetlandica (Carter, 1872)	taxon:885873	VM_14754	Craniella zetlandica	Paco Cardenas & Hans Tore Rap	null	null	null	null	null	null	null	null	null	null	null	Eukaryota;Metazoa;Porifera;Demospongiae;Tetractinomorpha;Spirophorida;Tetillidae;Craniella	28S ribosomal RNA	VM_14754	0.0	VM_14754	JX177960.1_f0	67.6291793313	Craniella	Craniella zetlandica	C1-D2 region	null	null	null	null	null	null	null	null
JX177959.1	GAAGAG...ACTGC	JX177959.1_source	genomic DNA	Norway	authority: Craniella cranium (Mueller, 1776)	taxon:1006792	ZMBN_85239	Craniella cranium	Paco Cardenas & Hans Tore Rap	null	null	null	null	null	null	null	null	null	null	null	Eukaryota;Metazoa;Porifera;Demospongiae;Tetractinomorpha;Spirophorida;Tetillidae;Craniella	28S ribosomal RNA	ZMBN_85239	0.0	ZMBN_85239	JX177959.1_f0	66.8965517241	Craniella	Craniella cranium	C1-D2 region	null	null	null	null	null	null	null	null
JX177958.1	AGGGTG...GTGCC	JX177958.1_source	genomic DNA	Brazil	authority: Tetilla muricyi Fernandez, Peixinho, Pinheiro & Menegola, 2011	taxon:1199256	UFBA_2586_POR	Tetilla muricyi	Fernandez, Julio C. C.	null	null	null	null	null	null	null	null	null	null	null	Eukaryota;Metazoa;Porifera;Demospongiae;Tetractinomorpha;Spirophorida;Tetillidae;Tetilla	28S ribosomal RNA	UFBA_2586_POR	0.00355239786856	UFBA_2586_POR	JX177958.1_f0	66.0746003552	Tetilla	Tetilla muricyi	C1-D2 region	null	null	null	null	null	null	null	null
JX177957.1	ATCAAT...TTCGA	JX177957.1_source	genomic DNA	Brazil	authority: Tetilla radiata Selenka, 1879	taxon:624303	NMRJ_576	Tetilla radiata	Hajdu, E.	null	null	null	null	null	null	null	null	null	null	null	Eukaryota;Metazoa;Porifera;Demospongiae;Tetractinomorpha;Spirophorida;Tetillidae;Tetilla	28S ribosomal RNA	MNRJ_576	0.0	MNRJ_576	JX177957.1_f0	62.5609756098	Tetilla	Tetilla radiata	C1-D2 region	null	null	null	null	null	null	null	null
JX177956.1	AATAAG...AGCCT	JX177956.1_source	genomic DNA	Thailand	authority: Tetilla japonica Lampe, 1886	taxon:29776	SP_DH_S192	Tetilla japonica	Putchakarn, Sumait	null	null	null	null	null	null	null	null	null	null	null	Eukaryota;Metazoa;Porifera;Demospongiae;Tetractinomorpha;Spirophorida;Tetillidae;Tetilla	28S ribosomal RNA	TAU_25619	0.0	TAU_25619	JX177956.1_f0	60.9308885755	Tetilla	Tetilla japonica	C1-D2 region	null	null	null	null	null	null	null	null
JX177955.1	ATCAAT...TTCGA	JX177955.1_source	genomic DNA	Australia	null	taxon:885876	QMG_316342	Craniella sp. 3878	Hooper, John	null	null	null	null	null	null	null	null	null	null	null	Eukaryota;Metazoa;Porifera;Demospongiae;Tetractinomorpha;Spirophorida;Tetillidae;Craniella	28S ribosomal RNA	QMG_316342	0.00245098039216	QMG_316342	JX177955.1_f0	61.0294117647	Craniella	Craniella sp. 3878	C1-D2 region	null	null	null	null	null	null	null	null
JX177954.1	CCCAGT...AGGCA	JX177954.1_source	genomic DNA	New Zealand	null	taxon:1199266	NIWA_28601	Fangophilina sp. MK-2012	Kelly, Michelle	null	null	null	null	null	null	null	null	null	null	null	Eukaryota;Metazoa;Porifera;Demospongiae;Tetractinomorpha;Spirophorida;Tetillidae;Fangophilina	28S ribosomal RNA	NIWA_28601	0.0	NIWA_28601	JX177954.1_f0	59.9690880989	Fangophilina	Fangophilina sp. MK-2012	C1-D2 region	null	null	null	null	null	null	null	null
JX177953.1	CCCAGT...TTCGA	JX177953.1_source	genomic DNA	New Zealand	null	taxon:1199266	NIWA_28586	Fangophilina sp. MK-2012	Kelly, Michelle	null	null	null	null	null	null	null	null	null	null	null	Eukaryota;Metazoa;Porifera;Demospongiae;Tetractinomorpha;Spirophorida;Tetillidae;Fangophilina	28S ribosomal RNA	NIWA_28586	0.0	NIWA_28586	JX177953.1_f0	61.2820512821	Fangophilina	Fangophilina sp. MK-2012	C1-D2 region	null	null	null	null	null	null	null	null
JX177952.1	CGGGAA...TTCGA	JX177952.1_source	genomic DNA	New Zealand	null	taxon:1199266	NIWA_28614	Fangophilina sp. MK-2012	Kelly, Michelle	null	null	null	null	null	null	null	null	null	null	null	Eukaryota;Metazoa;Porifera;Demospongiae;Tetractinomorpha;Spirophorida;Tetillidae;Fangophilina	28S ribosomal RNA	NIWA_28614	0.0	NIWA_28614	JX177952.1_f0	61.1842105263	Fangophilina	Fangophilina sp. MK-2012	C1-D2 region	null	null	null	null	null	null	null	null
JX177951.1	CCCCAG...TTCGA	JX177951.1_source	genomic DNA	New Zealand	authority: Craniella sagitta (Lendenfeld, 1907)	taxon:1199254	NIWA_28929	Craniella sagitta	Kelly, Michelle	null	null	null	null	null	null	null	null	null	null	null	Eukaryota;Metazoa;Porifera;Demospongiae;Tetractinomorpha;Spirophorida;Tetillidae;Craniella	28S ribosomal RNA	NIWA_28929	0.0	NIWA_28929	JX177951.1_f0	62.6923076923	Craniella	Craniella sagitta	C1-D2 region	null	null	null	null	null	null	null	null
JX177948.1	CCCCAG...TTCGA	JX177948.1_source	genomic DNA	New Zealand	authority: Craniella cf. leptoderma AS-2012 Kirkpatrick, 1908	taxon:1200910	NIWA_52077	Craniella cf. leptoderma AS-2012	Kelly, Michelle	null	null	null	null	null	null	null	null	null	null	null	Eukaryota;Metazoa;Porifera;Demospongiae;Tetractinomorpha;Spirophorida;Tetillidae;Craniella	28S ribosomal RNA	NIWA_52077	0.143405889885	NIWA_52077	JX177948.1_f0	53.9052496799	Craniella	Craniella cf. leptoderma AS-2012	C1-D2 region	null	null	null	null	null	null	null	null
JX177947.1	ATTCCC...GGGCC	JX177947.1_source	genomic DNA	New Zealand	authority: Craniella cf. leptoderma AS-2012 Kirkpatrick, 1908	taxon:1200910	NIWA_27816	Craniella cf. leptoderma AS-2012	Kelly, Michelle	null	null	null	null	null	null	null	null	null	null	null	Eukaryota;Metazoa;Porifera;Demospongiae;Tetractinomorpha;Spirophorida;Tetillidae;Craniella	28S ribosomal RNA	NIWA_27816	0.0	NIWA_27816	JX177947.1_f0	62.3076923077	Craniella	Craniella cf. leptoderma AS-2012	C1-D2 region	null	null	null	null	null	null	null	null
JX177946.1	CCCAGT...TTCGA	JX177946.1_source	genomic DNA	New Zealand	authority: Craniella cf. leptoderma AS-2012 Kirkpatrick, 1908	taxon:1200910	NIWA_28496	Craniella cf. leptoderma AS-2012	Kelly, Michelle	null	null	null	null	null	null	null	null	null	null	null	Eukaryota;Metazoa;Porifera;Demospongiae;Tetractinomorpha;Spirophorida;Tetillidae;Craniella	28S ribosomal RNA	NIWA_28496	0.0	NIWA_28496	JX177946.1_f0	64.1025641026	Craniella	Craniella cf. leptoderma AS-2012	C1-D2 region	null	null	null	null	null	null	null	null
JX177945.1	CCCAGT...GCGAG	JX177945.1_source	genomic DNA	New Zealand	authority: Craniella cf. leptoderma AS-2012 Kirkpatrick, 1908	taxon:1200910	NIWA_28524	Craniella cf. leptoderma AS-2012	Kelly, Michelle	null	null	null	null	null	null	null	null	null	null	null	Eukaryota;Metazoa;Porifera;Demospongiae;Tetractinomorpha;Spirophorida;Tetillidae;Craniella	28S ribosomal RNA	NIWA_28524	0.0	NIWA_28524	JX177945.1_f0	64.0891218873	Craniella	Craniella cf. leptoderma AS-2012	C1-D2 region	null	null	null	null	null	null	null	null
JX177944.1	CCCCAG...TTCGA	JX177944.1_source	genomic DNA	New Zealand	authority: Craniella cf. leptoderma AS-2012 Kirkpatrick, 1908	taxon:1200910	NIWA_36097	Craniella cf. leptoderma AS-2012	Kelly, Michelle	null	null	null	null	null	null	null	null	null	null	null	Eukaryota;Metazoa;Porifera;Demospongiae;Tetractinomorpha;Spirophorida;Tetillidae;Craniella	28S ribosomal RNA	NIWA_36097	0.0	NIWA_36097	JX177944.1_f0	63.5897435897	Craniella	Craniella cf. leptoderma AS-2012	C1-D2 region	null	null	null	null	null	null	null	null
JX177943.1	CCCAGT...GAGCC	JX177943.1_source	genomic DNA	New Zealand	authority: Craniella cf. leptoderma AS-2012 Kirkpatrick, 1908	taxon:1200910	NIWA_28507	Craniella cf. leptoderma AS-2012	Kelly, Michelle	null	null	null	null	null	null	null	null	null	null	null	Eukaryota;Metazoa;Porifera;Demospongiae;Tetractinomorpha;Spirophorida;Tetillidae;Craniella	28S ribosomal RNA	NIWA_28507	0.0	NIWA_28507	JX177943.1_f0	63.8743455497	Craniella	Craniella cf. leptoderma AS-2012	C1-D2 region	null	null	null	null	null	null	null	null
JX177942.1	ATCAAT...TTCGA	JX177942.1_source	genomic DNA	Australia	authority: Craniella cf. leptoderma AS-2012 Kirkpatrick, 1908	taxon:1200910	QMG_315031	Craniella cf. leptoderma AS-2012	Hooper, John	null	null	null	null	null	null	null	null	null	null	null	Eukaryota;Metazoa;Porifera;Demospongiae;Tetractinomorpha;Spirophorida;Tetillidae;Craniella	28S ribosomal RNA	QMG_315031	0.0	QMG_315031	JX177942.1_f0	62.8676470588	Craniella	Craniella cf. leptoderma AS-2012	C1-D2 region	null	null	null	null	null	null	null	null
JX177941.1	AAGAGC...TTCGA	JX177941.1_source	genomic DNA	Lebanon	authority: Cinachyrella levantinensis Vacelet, Bitar, Carteron, Zibrowius & Perez, 2007	taxon:878253	MHNM_16194	Cinachyrella levantinensis	Vacelet, Jean	null	null	null	null	null	null	null	null	null	null	null	Eukaryota;Metazoa;Porifera;Demospongiae;Tetractinomorpha;Spirophorida;Tetillidae;Cinachyrella	28S ribosomal RNA	MHNM_16194	0.0	MHNM_16194	JX177941.1_f0	66.958698373	Cinachyrella	Cinachyrella levantinensis	C1-D2 region	null	null	null	null	null	null	null	null
JX177940.1	AGAGCA...GGCGA	JX177940.1_source	genomic DNA	Israel	authority: Cinachyrella levantinensis Vacelet, Bitar, Carteron, Zibrowius & Perez, 2007	taxon:878253	TAU_25568	Cinachyrella levantinensis	Ilan, Micha	null	null	null	null	null	null	null	null	null	null	null	Eukaryota;Metazoa;Porifera;Demospongiae;Tetractinomorpha;Spirophorida;Tetillidae;Cinachyrella	28S ribosomal RNA	TAU_25568	0.0	TAU_25568	JX177940.1_f0	64.380952381	Cinachyrella	Cinachyrella levantinensis	C1-D2 region	null	null	null	null	null	null	null	null
JX177939.1	AGAGCA...TTCGA	JX177939.1_source	genomic DNA	Israel	authority: Cinachyrella levantinensis Vacelet, Bitar, Carteron, Zibrowius & Perez, 2007	taxon:878253	TAU_25529	Cinachyrella levantinensis	Ilan, Micha	null	null	null	null	null	null	null	null	null	null	null	Eukaryota;Metazoa;Porifera;Demospongiae;Tetractinomorpha;Spirophorida;Tetillidae;Cinachyrella	28S ribosomal RNA	TAU_25529	0.0	TAU_25529	JX177939.1_f0	67.0012547051	Cinachyrella	Cinachyrella levantinensis	C1-D2 region	null	null	null	null	null	null	null	null
JX177938.1	AGAGCA...TTCGA	JX177938.1_source	genomic DNA	Israel	authority: Cinachyrella levantinensis Vacelet, Bitar, Carteron, Zibrowius & Perez, 2007	taxon:878253	DH_S124	Cinachyrella levantinensis	Ilan, Micha	null	null	null	null	null	null	null	null	null	null	null	Eukaryota;Metazoa;Porifera;Demospongiae;Tetractinomorpha;Spirophorida;Tetillidae;Cinachyrella	28S ribosomal RNA	TAU_25618	0.00501882057716	TAU_25618	JX177938.1_f0	66.7503136763	Cinachyrella	Cinachyrella levantinensis	C1-D2 region	null	null	null	null	null	null	null	null
JX177937.1	ATTCCC...GCGAG	JX177937.1_source	genomic DNA	Indonesia	authority: Cinachyrella australiensis (Carter, 1886)	taxon:885870	LB_647	Cinachyrella australiensis	Becking, L.	null	null	null	null	null	null	null	null	null	null	null	Eukaryota;Metazoa;Porifera;Demospongiae;Tetractinomorpha;Spirophorida;Tetillidae;Cinachyrella	28S ribosomal RNA	LB_647	0.0	LB_647	JX177937.1_f0	62.4266144814	Cinachyrella	Cinachyrella australiensis	C1-D2 region	null	null	null	null	null	null	null	null
JX177936.1	CCCCAG...CCGTT	JX177936.1_source	genomic DNA	Indonesia	authority: Cinachyrella paterifera (Wilson, 1925)	taxon:1199252	LB_113	Cinachyrella paterifera	Becking, L.	null	null	null	null	null	null	null	null	null	null	null	Eukaryota;Metazoa;Porifera;Demospongiae;Tetractinomorpha;Spirophorida;Tetillidae;Cinachyrella	28S ribosomal RNA	LB_113	0.00149925037481	LB_113	JX177936.1_f0	65.8170914543	Cinachyrella	Cinachyrella paterifera	C1-D2 region	null	null	null	null	null	null	null	null
JX177935.1	AGAGCA...TTCGA	JX177935.1_source	genomic DNA	Panama	authority: Cinachyrella alloclada (Uliczka, 1929)	taxon:666329	DH_S271	Cinachyrella alloclada	Ilan, Micha	null	null	null	null	null	null	null	null	null	null	null	Eukaryota;Metazoa;Porifera;Demospongiae;Tetractinomorpha;Spirophorida;Tetillidae;Cinachyrella	28S ribosomal RNA	TAU_25617	0.0	TAU_25617	JX177935.1_f0	65.543071161	Cinachyrella	Cinachyrella alloclada	C1-D2 region	null	null	null	null	null	null	null	null
JX177934.1	CCCCAG...GGACG	JX177934.1_source	genomic DNA	Indonesia	authority: Cinachyrella anomala (Dendy, 1905)	taxon:1199251	LB_45	Cinachyrella anomala	Becking, L.	null	null	null	null	null	null	null	null	null	null	null	Eukaryota;Metazoa;Porifera;Demospongiae;Tetractinomorpha;Spirophorida;Tetillidae;Cinachyrella	28S ribosomal RNA	LB_45	0.0	LB_45	JX177934.1_f0	63.6186770428	Cinachyrella	Cinachyrella anomala	C1-D2 region	null	null	null	null	null	null	null	null
JX177933.1	CAGGAT...GAGCC	JX177933.1_source	genomic DNA	Indonesia	authority: Cinachyrella anomala (Dendy, 1905)	taxon:1199251	LB_1756	Cinachyrella anomala	Becking, L.	null	null	null	null	null	null	null	null	null	null	null	Eukaryota;Metazoa;Porifera;Demospongiae;Tetractinomorpha;Spirophorida;Tetillidae;Cinachyrella	28S ribosomal RNA	LB_1756	0.0	LB_1756	JX177933.1_f0	66.4948453608	Cinachyrella	Cinachyrella anomala	C1-D2 region	null	null	null	null	null	null	null	null
JX177932.1	AGAGCA...TTCGA	JX177932.1_source	genomic DNA	Australia	authority: Cinachyrella australiensis (Carter, 1886)	taxon:885870	LB_817	Cinachyrella australiensis	Becking, L.	null	null	null	null	null	null	null	null	null	null	null	Eukaryota;Metazoa;Porifera;Demospongiae;Tetractinomorpha;Spirophorida;Tetillidae;Cinachyrella	28S ribosomal RNA	LB_817	0.0	LB_817	JX177932.1_f0	65.4702970297	Cinachyrella	Cinachyrella australiensis	C1-D2 region	null	null	null	null	null	null	null	null
JX177931.1	AGAGCA...TTCGA	JX177931.1_source	genomic DNA	Australia	null	taxon:885874	QMG_320270	Cinachyrella sp. 3473	Hooper, John	null	null	null	null	null	null	null	null	null	null	null	Eukaryota;Metazoa;Porifera;Demospongiae;Tetractinomorpha;Spirophorida;Tetillidae;Cinachyrella	28S ribosomal RNA	QMG_320270	0.0	QMG_320270	JX177931.1_f0	65.4702970297	Cinachyrella	Cinachyrella sp. 3473	C1-D2 region	null	null	null	null	null	null	null	null
JX177930.1	ATCAAT...GCGGA	JX177930.1_source	genomic DNA	Australia	authority: Cinachyrella australiensis (Carter, 1886)	taxon:885870	QMG_321405	Cinachyrella australiensis	Hooper, John	null	null	null	null	null	null	null	null	null	null	null	Eukaryota;Metazoa;Porifera;Demospongiae;Tetractinomorpha;Spirophorida;Tetillidae;Cinachyrella	28S ribosomal RNA	QMG_321405	0.00416666666667	QMG_321405	JX177930.1_f0	58.9583333333	Cinachyrella	Cinachyrella australiensis	C1-D2 region	null	null	null	null	null	null	null	null
JX177929.1	AAAGCA...TTCGA	JX177929.1_source	genomic DNA	Australia	null	taxon:1200911	SAM_S1189	Amphitethya cf. microsigma AS-2012	Sorokin, S.	null	null	null	null	null	null	null	null	null	null	null	Eukaryota;Metazoa;Porifera;Demospongiae;Tetractinomorpha;Spirophorida;Tetillidae;Amphitethya	28S ribosomal RNA	SAM_S1189	0.00870646766169	SAM_S1189	JX177929.1_f0	65.2985074627	Amphitethya	Amphitethya cf. microsigma AS-2012	C1-D2 region	null	null	null	null	null	null	null	null
JX177928.1	CCCCAG...CCGGC	JX177928.1_source	genomic DNA	Indonesia	authority: Cinachyrella australiensis (Carter, 1886)	taxon:885870	LB_664	Cinachyrella australiensis	Becking, L.	null	null	null	null	null	null	null	null	null	null	null	Eukaryota;Metazoa;Porifera;Demospongiae;Tetractinomorpha;Spirophorida;Tetillidae;Cinachyrella	28S ribosomal RNA	LB_664	0.0	LB_664	JX177928.1_f0	63.6217948718	Cinachyrella	Cinachyrella australiensis	C1-D2 region	null	null	null	null	null	null	null	null
JX177927.1	TTCCCC...CCGTT	JX177927.1_source	genomic DNA	Singapore	null	taxon:1199259	QMG_306342	Paratetilla sp. 2209	Hooper, John	null	null	null	null	null	null	null	null	null	null	null	Eukaryota;Metazoa;Porifera;Demospongiae;Tetractinomorpha;Spirophorida;Tetillidae;Paratetilla	28S ribosomal RNA	QMG_306342	0.0	QMG_306342	JX177927.1_f0	65.0224215247	Paratetilla	Paratetilla sp. 2209	C1-D2 region	null	null	null	null	null	null	null	null
JX177926.1	GGTGAT...GCTTA	JX177926.1_source	genomic DNA	Thailand	authority: Paratetilla bacca (Selenka, 1867)	taxon:1199255	SP_DH_S193	Paratetilla bacca	Putchakarn, Sumait	null	null	null	null	null	null	null	null	null	null	null	Eukaryota;Metazoa;Porifera;Demospongiae;Tetractinomorpha;Spirophorida;Tetillidae;Paratetilla	28S ribosomal RNA	TAU_25620	0.0	TAU_25620	JX177926.1_f0	63.4844868735	Paratetilla	Paratetilla bacca	C1-D2 region	null	null	null	null	null	null	null	null
JX177925.1	ATAAGC...TTCGA	JX177925.1_source	genomic DNA	Indonesia	authority: Paratetilla bacca (Selenka, 1867)	taxon:1199255	RMNH_POR_3206	Paratetilla bacca	Becking, L.	null	null	null	null	null	null	null	null	null	null	null	Eukaryota;Metazoa;Porifera;Demospongiae;Tetractinomorpha;Spirophorida;Tetillidae;Paratetilla	28S ribosomal RNA	RMNH_POR_3206	0.00246002460025	RMNH_POR_3206	JX177925.1_f0	65.5596555966	Paratetilla	Paratetilla bacca	C1-D2 region	null	null	null	null	null	null	null	null
JX177924.1	ATATCA...CCCAT	JX177924.1_source	genomic DNA	Australia	null	taxon:885878	QMG_314224	Paratetilla sp. 2656	Hooper, John	null	null	null	null	null	null	null	null	null	null	null	Eukaryota;Metazoa;Porifera;Demospongiae;Tetractinomorpha;Spirophorida;Tetillidae;Paratetilla	28S ribosomal RNA	QMG_314224	0.0	QMG_314224	JX177924.1_f0	58.5152838428	Paratetilla	Paratetilla sp. 2656	C1-D2 region	null	null	null	null	null	null	null	null
JX177923.1	AGAGCA...GCCGG	JX177923.1_source	genomic DNA	Indonesia	authority: Paratetilla bacca Wilson, 1925	taxon:1199255	LB_671	Paratetilla bacca	Becking, L.	null	null	null	null	null	null	null	null	null	null	null	Eukaryota;Metazoa;Porifera;Demospongiae;Tetractinomorpha;Spirophorida;Tetillidae;Paratetilla	28S ribosomal RNA	LB_671	0.00297619047619	LB_671	JX177923.1_f0	64.5833333333	Paratetilla	Paratetilla bacca	C1-D2 region	null	null	null	null	null	null	null	null
JX177922.1	TCAATA...GCTTC	JX177922.1_source	genomic DNA	Australia	authority: Cinachyrella schulzei (Keller, 1891)	taxon:885871	QMG_320143	Cinachyrella schulzei	Hooper, John	null	null	null	null	null	null	null	null	null	null	null	Eukaryota;Metazoa;Porifera;Demospongiae;Tetractinomorpha;Spirophorida;Tetillidae;Cinachyrella	28S ribosomal RNA	QMG_320143	0.0	QMG_320143	JX177922.1_f0	65.9259259259	Cinachyrella	Cinachyrella schulzei	C1-D2 region	null	null	null	null	null	null	null	null
JX177921.1	AGAGCA...GCCAG	JX177921.1_source	genomic DNA	Brazil	authority: Acanthotetilla walteri Peixinho, Fernandez, Oliveira, Caires & Hajdu, 2007	taxon:1199262	UFBA_2021_POR	Acanthotetilla walteri	null	null	null	null	null	null	null	null	null	null	null	null	Eukaryota;Metazoa;Porifera;Demospongiae;Tetractinomorpha;Spirophorida;Tetillidae;Acanthotetilla	28S ribosomal RNA	UFBA_2021_POR	0.0	UFBA_2021_POR	JX177921.1_f0	67.0468948035	Acanthotetilla	Acanthotetilla walteri	C1-D2 region	null	null	null	null	null	null	null	null
JX177920.1	TCCCCC...CCGTT	JX177920.1_source	genomic DNA	Indonesia	authority: Acanthotetilla celebensis de Voogd & van Soest, 2007	taxon:1199261	RMNH_POR_2877	Acanthotetilla celebensis	de Voogd, N.J.	null	null	null	null	null	null	null	null	null	null	null	Eukaryota;Metazoa;Porifera;Demospongiae;Tetractinomorpha;Spirophorida;Tetillidae;Acanthotetilla	28S ribosomal RNA	RMNH_POR_2877	0.0360902255639	RMNH_POR_2877	JX177920.1_f0	63.9097744361	Acanthotetilla	Acanthotetilla celebensis	C1-D2 region	null	null	null	null	null	null	null	null
JX177918.1	TACCTT...AATCC	JX177918.1_source	genomic DNA	New Zealand	null	taxon:1199266	NIWA_28586	Fangophilina sp. MK-2012	Kelly, Michelle	mitochondrion	null	null	null	null	null	null	null	null	null	null	Eukaryota;Metazoa;Porifera;Demospongiae;Tetractinomorpha;Spirophorida;Tetillidae;Fangophilina	cytochrome c oxidase subunit I	NIWA_28586	0.0	NIWA_28586	JX177918.1_f0	38.4033613445	Fangophilina	Fangophilina sp. MK-2012	null	0.0	2	4	GI:392932866	TLYLLF...VLGKI	cox1	AFM91900.1	null
JX177917.1	TATGAT...TTGGC	JX177917.1_source	genomic DNA	New Zealand	authority: Craniella sagitta (Lendenfeld, 1907)	taxon:1199254	NIWA_25206	Craniella sagitta	Kelly, Michelle	mitochondrion	null	null	null	null	null	null	null	null	null	null	Eukaryota;Metazoa;Porifera;Demospongiae;Tetractinomorpha;Spirophorida;Tetillidae;Craniella	cytochrome c oxidase subunit I	NIWA_25206	0.0	NIWA_25206	JX177917.1_f0	39.6148555708	Craniella	Craniella sagitta	null	0.0	2	4	GI:392932864	MIGTGF...KQIFG	cox1	AFM91899.1	null
JX177916.1	TTTCGG...AATGT	JX177916.1_source	genomic DNA	New Zealand	authority: Craniella cf. leptoderma AS-2012 Kirkpatrick, 1908	taxon:1200910	NIWA_52077	Craniella cf. leptoderma AS-2012	Kelly, Michelle	mitochondrion	null	null	null	null	null	null	null	null	null	null	Eukaryota;Metazoa;Porifera;Demospongiae;Tetractinomorpha;Spirophorida;Tetillidae;Craniella	cytochrome c oxidase subunit I	NIWA_52077	0.0	NIWA_52077	JX177916.1_f0	38.6768447837	Craniella	Craniella cf. leptoderma AS-2012	null	0.0	3	4	GI:392932862	SGMIGT...HFWLM	cox1	AFM91898.1	null
JX177915.1	GGAACT...GTTTG	JX177915.1_source	genomic DNA	New Zealand	authority: Craniella sagitta (Lendenfeld, 1907)	taxon:1199254	NIWA_28491	Craniella sagitta	Kelly, Michelle	mitochondrion	null	null	null	null	null	null	null	null	null	null	Eukaryota;Metazoa;Porifera;Demospongiae;Tetractinomorpha;Spirophorida;Tetillidae;Craniella	cytochrome c oxidase subunit I	NIWA_28491	0.0	NIWA_28491	JX177915.1_f0	39.3041237113	Craniella	Craniella sagitta	null	0.0	1	4	GI:392932860	GTGFSL...LGFIV	cox1	AFM91897.1	null
JX177913.1	TATGAT...ATTAT	JX177913.1_source	genomic DNA	Panama	authority: Cinachyrella alloclada (Uliczka, 1929)	taxon:666329	DH_S271	Cinachyrella alloclada	Ilan, Micha	mitochondrion	null	null	null	null	null	null	null	null	null	null	Eukaryota;Metazoa;Porifera;Demospongiae;Tetractinomorpha;Spirophorida;Tetillidae;Cinachyrella	cytochrome c oxidase subunit I	TAU_25617	0.0	TAU_25617	JX177913.1_f0	37.2850678733	Cinachyrella	Cinachyrella alloclada	null	0.0	2	4	GI:392932856	MIGSGF...GGVYY	cox1	AFM91895.1	null
JX177912.1	TTTTTC...GAGTA	JX177912.1_source	genomic DNA	New Zealand	null	taxon:1199266	NIWA_28617	Fangophilina sp. MK-2012	Kelly, Michelle	mitochondrion	null	null	null	null	null	null	null	null	null	null	Eukaryota;Metazoa;Porifera;Demospongiae;Tetractinomorpha;Spirophorida;Tetillidae;Fangophilina	cytochrome c oxidase subunit I	NIWA_28617	0.0	NIWA_28617	JX177912.1_f0	38.1711409396	Fangophilina	Fangophilina sp. MK-2012	null	0.0	2	4	GI:392932854	FSGMIG...MFIGV	cox1	AFM91894.1	null
JX177911.1	GACCTT...GGTCA	JX177911.1_source	genomic DNA	Brazil	authority: Acanthotetilla walteri Peixinho, Fernandez, Oliveira, Caires & Hajdu, 2007	taxon:1199262	UFBA_2028_POR	Acanthotetilla walteri	null	mitochondrion	null	null	null	null	null	null	null	null	null	null	Eukaryota;Metazoa;Porifera;Demospongiae;Tetractinomorpha;Spirophorida;Tetillidae;Acanthotetilla	cytochrome c oxidase subunit I	UFBA_2028_POR	0.0	UFBA_2028_POR	JX177911.1_f0	40.5963302752	Acanthotetilla	Acanthotetilla walteri	null	0.0	2	4	GI:392932852	TLYLLF...SILGS	cox1	AFM91893.1	null
JX177910.1	GACCTT...TCTAG	JX177910.1_source	genomic DNA	Australia	authority: Amphitethya cf. microsigma AS-2012 Lendenfeld, 1907	taxon:1200911	SAM_S1189	Amphitethya cf. microsigma AS-2012	Sorokin, S.	mitochondrion	null	null	null	null	null	null	null	null	null	null	Eukaryota;Metazoa;Porifera;Demospongiae;Tetractinomorpha;Spirophorida;Tetillidae;Amphitethya	cytochrome c oxidase subunit I	SAM_S1189	0.0	SAM_S1189	JX177910.1_f0	38.591916558	Amphitethya	Amphitethya cf. microsigma AS-2012	null	0.0	2	4	GI:392932850	TLYLLF...IFGYL	cox1	AFM91892.1	null
JX177909.1	ATTGGG...GCGGC	JX177909.1_source	genomic DNA	Indonesia	authority: Acanthotetilla celebensis de Voogd & van Soest, 2007	taxon:1199261	RMNH_POR_2877	Acanthotetilla celebensis	de Voogd, N.J.	mitochondrion	null	null	null	null	null	null	null	null	null	null	Eukaryota;Metazoa;Porifera;Demospongiae;Tetractinomorpha;Spirophorida;Tetillidae;Acanthotetilla	cytochrome c oxidase subunit I	RMNH_POR_2877	0.0	RMNH_POR_2877	JX177909.1_f0	38.8739946381	Acanthotetilla	Acanthotetilla celebensis	null	0.0	1	4	GI:392932848	IGTLYL...PTFAA	cox1	AFM91891.1	null
JX177908.1	GGTTAT...GGTGG	JX177908.1_source	genomic DNA	Brazil	authority: Acanthotetilla walteri Peixinho, Fernandez, Oliveira, Caires & Hajdu, 2007	taxon:1199262	UFBA_1897_POR	Acanthotetilla walteri	null	mitochondrion	null	null	null	null	null	null	null	null	null	null	Eukaryota;Metazoa;Porifera;Demospongiae;Tetractinomorpha;Spirophorida;Tetillidae;Acanthotetilla	cytochrome c oxidase subunit I	UFBA_1897_POR	0.0	UFBA_1897_POR	JX177908.1_f0	39.3939393939	Acanthotetilla	Acanthotetilla walteri	null	0.0	2	4	GI:392932846	VMIGGF...PAGGG	cox1	AFM91890.1	null
JX177907.1	ATTGGG...ATTTA	JX177907.1_source	genomic DNA	Brazil	authority: Acanthotetilla walteri Peixinho, Fernandez, Oliveira, Caires & Hajdu, 2007	taxon:1199262	UFBA_2021_POR	Acanthotetilla walteri	null	mitochondrion	null	null	null	null	null	null	null	null	null	null	Eukaryota;Metazoa;Porifera;Demospongiae;Tetractinomorpha;Spirophorida;Tetillidae;Acanthotetilla	cytochrome c oxidase subunit I	UFBA_2021_POR	0.0	UFBA_2021_POR	JX177907.1_f0	38.1322957198	Acanthotetilla	Acanthotetilla walteri	null	0.0	1	4	GI:392932844	IGTLYL...IFGYL	cox1	AFM91889.1	null
JX177906.1	TATGAT...GAGTA	JX177906.1_source	genomic DNA	Israel	authority: Cinachyrella levantinensis Vacelet, Bitar, Carteron, Zibrowius & Perez, 2007	taxon:878253	TAU_25529	Cinachyrella levantinensis	Ilan, Micha	mitochondrion	null	null	null	null	null	null	null	null	null	null	Eukaryota;Metazoa;Porifera;Demospongiae;Tetractinomorpha;Spirophorida;Tetillidae;Cinachyrella	cytochrome c oxidase subunit I	TAU_25529	0.0	TAU_25529	JX177906.1_f0	38.0388841927	Cinachyrella	Cinachyrella levantinensis	null	0.0	2	4	GI:392932842	MIGTGF...MFIGV	cox1	AFM91888.1	null
JX177905.1	GATAGG...GAGTA	JX177905.1_source	genomic DNA	Lebanon	authority: Cinachyrella levantinensis Vacelet, Bitar, Carteron, Zibrowius & Perez, 2007	taxon:878253	MHNM_16194	Cinachyrella levantinensis	Vacelet, Jean	mitochondrion	null	null	null	null	null	null	null	null	null	null	Eukaryota;Metazoa;Porifera;Demospongiae;Tetractinomorpha;Spirophorida;Tetillidae;Cinachyrella	cytochrome c oxidase subunit I	MHNM_16194	0.0	MHNM_16194	JX177905.1_f0	38.1355932203	Cinachyrella	Cinachyrella levantinensis	null	0.0	2	4	GI:392932840	IGTGFS...MFIGV	cox1	AFM91887.1	null
JX177904.1	TATGAT...GAGTA	JX177904.1_source	genomic DNA	Israel	authority: Cinachyrella levantinensis Vacelet, Bitar, Carteron, Zibrowius & Perez, 2007	taxon:878253	TAU_25568	Cinachyrella levantinensis	Ilan, Micha	mitochondrion	null	null	null	null	null	null	null	null	null	null	Eukaryota;Metazoa;Porifera;Demospongiae;Tetractinomorpha;Spirophorida;Tetillidae;Cinachyrella	cytochrome c oxidase subunit I	TAU_25568	0.0	TAU_25568	JX177904.1_f0	38.0388841927	Cinachyrella	Cinachyrella levantinensis	null	0.0	2	4	GI:392932838	MIGTGF...MFIGV	cox1	AFM91886.1	null
JX177903.1	GATAGG...GAGTA	JX177903.1_source	genomic DNA	Israel	authority: Cinachyrella levantinensis Vacelet, Bitar, Carteron, Zibrowius & Perez, 2007	taxon:878253	DH_S124	Cinachyrella levantinensis	Ilan, Micha	mitochondrion	null	null	null	null	null	null	null	null	null	null	Eukaryota;Metazoa;Porifera;Demospongiae;Tetractinomorpha;Spirophorida;Tetillidae;Cinachyrella	cytochrome c oxidase subunit I	TAU_25618	0.0	TAU_25618	JX177903.1_f0	38.1355932203	Cinachyrella	Cinachyrella levantinensis	null	0.0	2	4	GI:392932836	IGTGFS...MFIGV	cox1	AFM91885.1	null
JX177902.1	CCCTTT...AAATA	JX177902.1_source	genomic DNA	Australia	authority: Cinachyrella australiensis (Carter, 1886)	taxon:885870	QMG_320216	Cinachyrella australiensis	Hooper, John	mitochondrion	null	null	null	null	null	null	null	null	null	null	Eukaryota;Metazoa;Porifera;Demospongiae;Tetractinomorpha;Spirophorida;Tetillidae;Cinachyrella	cytochrome c oxidase subunit I	QMG_320216	0.0	QMG_320216	JX177902.1_f0	41.2234042553	Cinachyrella	Cinachyrella australiensis	null	0.0	3	4	GI:392932834	LYLLFG...AKKQI	cox1	AFM91884.1	null
JX177901.1	GACCTT...ATTTA	JX177901.1_source	genomic DNA	Thailand	authority: Tetilla japonica Lampe, 1886	taxon:29776	SP_DH_S192	Tetilla japonica	Putchakarn, Sumait	mitochondrion	null	null	null	null	null	null	null	null	null	null	Eukaryota;Metazoa;Porifera;Demospongiae;Tetractinomorpha;Spirophorida;Tetillidae;Tetilla	cytochrome c oxidase subunit I	TAU_25619	0.0	TAU_25619	JX177901.1_f0	36.9451697128	Tetilla	Tetilla japonica	null	0.0	2	4	GI:392932832	TLYLLF...IFGYL	cox1	AFM91883.1	null
JX177900.1	TACGTT...CTCCT	JX177900.1_source	genomic DNA	Thailand	authority: Paratetilla bacca (Selenka, 1867)	taxon:1199255	SP_DH_S193	Paratetilla bacca	Putchakarn, Sumait	mitochondrion	null	null	null	null	null	null	null	null	null	null	Eukaryota;Metazoa;Porifera;Demospongiae;Tetractinomorpha;Spirophorida;Tetillidae;Paratetilla	cytochrome c oxidase subunit I	TAU_25620	0.0	TAU_25620	JX177900.1_f0	38.4854771784	Paratetilla	Paratetilla bacca	null	0.0	2	4	GI:392932830	TLYLLF...RTDTP	cox1	AFM91882.1	null
JX177899.1	AGTTAT...ACTTA	JX177899.1_source	genomic DNA	Brazil	authority: Tetilla pentatriaena Fernandez, Peixinho, Pinheiro & Menegola, 2011	taxon:1199257	UFBA_3646_POR	Tetilla pentatriaena	Fernandez, Julio C. C.	mitochondrion	null	null	null	null	null	null	null	null	null	null	Eukaryota;Metazoa;Porifera;Demospongiae;Tetractinomorpha;Spirophorida;Tetillidae;Tetilla	cytochrome c oxidase subunit I	UFBA_3646_POR	0.0	UFBA_3646_POR	JX177899.1_f0	37.3970345964	Tetilla	Tetilla pentatriaena	null	0.0	2	4	GI:392932828	VMPVMI...IFGYL	cox1	AFM91881.1	null
JX177898.1	GACCTT...GAGGT	JX177898.1_source	genomic DNA	Brazil	authority: Tetilla muricyi Fernandez, Peixinho, Pinheiro & Menegola, 2011	taxon:1199256	UFBA_2586_POR	Tetilla muricyi	Fernandez, Julio C. C.	mitochondrion	null	null	null	null	null	null	null	null	null	null	Eukaryota;Metazoa;Porifera;Demospongiae;Tetractinomorpha;Spirophorida;Tetillidae;Tetilla	cytochrome c oxidase subunit I	UFBA_2586_POR	0.0	UFBA_2586_POR	JX177898.1_f0	39.9681528662	Tetilla	Tetilla muricyi	null	0.0	2	4	GI:392932826	TLYLLF...DPAGG	cox1	AFM91880.1	null
JX177897.1	ATGATA...ACATT	JX177897.1_source	genomic DNA	New Zealand	authority: Craniella cf. leptoderma AS-2012 Kirkpatrick, 1908	taxon:1200910	NIWA_28496	Craniella cf. leptoderma AS-2012	Kelly, Michelle	mitochondrion	null	null	null	null	null	null	null	null	null	null	Eukaryota;Metazoa;Porifera;Demospongiae;Tetractinomorpha;Spirophorida;Tetillidae;Craniella	cytochrome c oxidase subunit I	NIWA_28496	0.0	NIWA_28496	JX177897.1_f0	39.514978602	Craniella	Craniella cf. leptoderma AS-2012	null	0.0	1	4	GI:392932824	MIGTGF...QIIPT	cox1	AFM91879.1	null
JX177896.1	ATGATA...AATTA	JX177896.1_source	genomic DNA	New Zealand	authority: Craniella cf. leptoderma AS-2012 Kirkpatrick, 1908	taxon:1200910	NIWA_28507	Craniella cf. leptoderma AS-2012	Kelly, Michelle	mitochondrion	null	null	null	null	null	null	null	null	null	null	Eukaryota;Metazoa;Porifera;Demospongiae;Tetractinomorpha;Spirophorida;Tetillidae;Craniella	cytochrome c oxidase subunit I	NIWA_28507	0.0	NIWA_28507	JX177896.1_f0	39.0178571429	Craniella	Craniella cf. leptoderma AS-2012	null	0.0	1	4	GI:392932822	MIGTGF...WFGKI	cox1	AFM91878.1	null
JX177895.1	AACTGG...GGGAT	JX177895.1_source	genomic DNA	New Zealand	authority: Craniella cf. leptoderma AS-2012 Kirkpatrick, 1908	taxon:1200910	NIWA_28524	Craniella cf. leptoderma AS-2012	Kelly, Michelle	mitochondrion	null	null	null	null	null	null	null	null	null	null	Eukaryota;Metazoa;Porifera;Demospongiae;Tetractinomorpha;Spirophorida;Tetillidae;Craniella	cytochrome c oxidase subunit I	NIWA_28524	0.0	NIWA_28524	JX177895.1_f0	39.5061728395	Craniella	Craniella cf. leptoderma AS-2012	null	0.0	2	4	GI:392932820	TGFSLL...FGYLG	cox1	AFM91877.1	null
JX177894.1	TACGTT...TACTC	JX177894.1_source	genomic DNA	Indonesia	authority: Paratetilla bacca (Selenka, 1867)	taxon:1199255	LB_622	Paratetilla bacca	Becking, Leontine E.	mitochondrion	null	null	null	null	null	null	null	null	null	null	Eukaryota;Metazoa;Porifera;Demospongiae;Tetractinomorpha;Spirophorida;Tetillidae;Paratetilla	cytochrome c oxidase subunit I	LB_622	0.122661122661	LB_622	JX177894.1_f0	34.5114345114	Paratetilla	Paratetilla bacca	null	0.121875	2	4	GI:392932818	TLYLLF...VRTDT	cox1	AFM91876.1	null
JX177893.1	TACGTT...ACTCC	JX177893.1_source	genomic DNA	Indonesia	authority: Paratetilla bacca Wilson, 1925	taxon:1199255	LB_671	Paratetilla bacca	Becking, Leontine E.	mitochondrion	null	null	null	null	null	null	null	null	null	null	Eukaryota;Metazoa;Porifera;Demospongiae;Tetractinomorpha;Spirophorida;Tetillidae;Paratetilla	cytochrome c oxidase subunit I	LB_671	0.127725856698	LB_671	JX177893.1_f0	34.1640706127	Paratetilla	Paratetilla bacca	null	0.130841121495	2	4	GI:392932816	TLYLLF...RTDTP	cox1	AFM91875.1	null
JX177892.1	TTGGGG...ACTCC	JX177892.1_source	genomic DNA	Indonesia	authority: Paratetilla bacca (Selenka, 1867)	taxon:1199255	RMNH_POR_3206	Paratetilla bacca	Becking, Leontine E.	mitochondrion	null	null	null	null	null	null	null	null	null	null	Eukaryota;Metazoa;Porifera;Demospongiae;Tetractinomorpha;Spirophorida;Tetillidae;Paratetilla	cytochrome c oxidase subunit I	RMNH_POR_3206	0.0	RMNH_POR_3206	JX177892.1_f0	38.7802071346	Paratetilla	Paratetilla bacca	null	0.0	1	4	GI:392932814	LGDDQL...RTDTP	cox1	AFM91874.1	null
JX177891.1	TTGGGG...CCTAT	JX177891.1_source	genomic DNA	Indonesia	authority: Paratetilla bacca (Selenka, 1867)	taxon:1199255	RMNH_POR_310	Paratetilla bacca	Becking, Leontine E.	mitochondrion	null	null	null	null	null	null	null	null	null	null	Eukaryota;Metazoa;Porifera;Demospongiae;Tetractinomorpha;Spirophorida;Tetillidae;Paratetilla	cytochrome c oxidase subunit I	RMNH_POR_3100	0.145642201835	RMNH_POR_3100	JX177891.1_f0	33.6009174312	Paratetilla	Paratetilla bacca	null	0.148275862069	1	4	GI:392932812	LGDDQL...RTDTP	cox1	AFM91873.1	null
JX177890.1	TTCTTA...AGAAA	JX177890.1_source	genomic DNA	Indonesia	authority: Cinachyrella paterifera (Wilson, 1925)	taxon:1199252	LB_113	Cinachyrella paterifera	Becking, Leontine E.	mitochondrion	null	null	null	null	null	null	null	null	null	null	Eukaryota;Metazoa;Porifera;Demospongiae;Tetractinomorpha;Spirophorida;Tetillidae;Cinachyrella	cytochrome c oxidase subunit I	LB_113	0.0	LB_113	JX177890.1_f0	39.0909090909	Cinachyrella	Cinachyrella paterifera	null	0.0	1	4	GI:392932810	FLVMPV...LLTDR	cox1	AFM91872.1	null
JX177889.1	TTCTTA...AGAAA	JX177889.1_source	genomic DNA	Indonesia	authority: Cinachyrella paterifera (Wilson, 1925)	taxon:1199252	LB_112	Cinachyrella paterifera	Becking, Leontine E.	mitochondrion	null	null	null	null	null	null	null	null	null	null	Eukaryota;Metazoa;Porifera;Demospongiae;Tetractinomorpha;Spirophorida;Tetillidae;Cinachyrella	cytochrome c oxidase subunit I	LB_112	0.0	LB_112	JX177889.1_f0	39.0909090909	Cinachyrella	Cinachyrella paterifera	null	0.0	1	4	GI:392932808	FLVMPV...LLTDR	cox1	AFM91871.1	null
JX177888.1	TTGGGG...CTATG	JX177888.1_source	genomic DNA	Indonesia	authority: Cinachyrella anomala (Dendy, 1905)	taxon:1199251	LB_913	Cinachyrella anomala	Becking, Leontine E.	mitochondrion	null	null	null	null	null	null	null	null	null	null	Eukaryota;Metazoa;Porifera;Demospongiae;Tetractinomorpha;Spirophorida;Tetillidae;Cinachyrella	cytochrome c oxidase subunit I	LB_913	0.0	LB_913	JX177888.1_f0	38.0952380952	Cinachyrella	Cinachyrella anomala	null	0.0	1	4	GI:392932806	LGDDQL...GAITM	cox1	AFM91870.1	null
JX177887.1	TTGGGG...AGAAA	JX177887.1_source	genomic DNA	Indonesia	authority: Cinachyrella anomala (Dendy, 1905)	taxon:1199251	LB_1750	Cinachyrella anomala	Becking, Leontine E.	mitochondrion	null	null	null	null	null	null	null	null	null	null	Eukaryota;Metazoa;Porifera;Demospongiae;Tetractinomorpha;Spirophorida;Tetillidae;Cinachyrella	cytochrome c oxidase subunit I	LB_1750	0.0	LB_1750	JX177887.1_f0	37.6	Cinachyrella	Cinachyrella anomala	null	0.0	1	4	GI:392932804	LGDDQL...LLTDR	cox1	AFM91869.1	null
JX177886.1	TTGGGG...AGAAA	JX177886.1_source	genomic DNA	Indonesia	authority: Cinachyrella anomala (Dendy, 1905)	taxon:1199251	LB_1756	Cinachyrella anomala	Becking, Leontine E.	mitochondrion	null	null	null	null	null	null	null	null	null	null	Eukaryota;Metazoa;Porifera;Demospongiae;Tetractinomorpha;Spirophorida;Tetillidae;Cinachyrella	cytochrome c oxidase subunit I	LB_1756	0.0	LB_1756	JX177886.1_f0	38.6	Cinachyrella	Cinachyrella anomala	null	0.0	1	4	GI:392932802	LGDDQL...LLTDR	cox1	AFM91868.1	null
JX177885.1	TTGGGG...AGAAA	JX177885.1_source	genomic DNA	Indonesia	authority: Cinachyrella anomala (Dendy, 1905)	taxon:1199251	LB_1757	Cinachyrella anomala	Becking, Leontine E.	mitochondrion	null	null	null	null	null	null	null	null	null	null	Eukaryota;Metazoa;Porifera;Demospongiae;Tetractinomorpha;Spirophorida;Tetillidae;Cinachyrella	cytochrome c oxidase subunit I	LB_1757	0.0	LB_1757	JX177885.1_f0	37.8	Cinachyrella	Cinachyrella anomala	null	0.0	1	4	GI:392932800	LGDDQL...LLTDR	cox1	AFM91867.1	null
JX177884.1	GATGAC...TTTAA	JX177884.1_source	genomic DNA	Indonesia	authority: Cinachyrella anomala (Dendy, 1905)	taxon:1199251	LB_45	Cinachyrella anomala	Becking, Leontine E.	mitochondrion	null	null	null	null	null	null	null	null	null	null	Eukaryota;Metazoa;Porifera;Demospongiae;Tetractinomorpha;Spirophorida;Tetillidae;Cinachyrella	cytochrome c oxidase subunit I	LB_45	0.00206611570248	LB_45	JX177884.1_f0	37.6033057851	Cinachyrella	Cinachyrella anomala	null	0.00621118012422	1	4	GI:392932798	DDQLYN...ITXLL	cox1	AFM91866.1	null
JX177883.1	TTGGGG...AGAAA	JX177883.1_source	genomic DNA	Indonesia	authority: Cinachyrella australiensis (Carter, 1886)	taxon:885870	LB_436	Cinachyrella australiensis	Becking, Leontine E.	mitochondrion	null	null	null	null	null	null	null	null	null	null	Eukaryota;Metazoa;Porifera;Demospongiae;Tetractinomorpha;Spirophorida;Tetillidae;Cinachyrella	cytochrome c oxidase subunit I	LB_436	0.0	LB_436	JX177883.1_f0	40.2	Cinachyrella	Cinachyrella australiensis	null	0.0	1	4	GI:392932796	LGDDQL...LLTDR	cox1	AFM91865.1	null
JX177882.1	TTGGGG...CTATG	JX177882.1_source	genomic DNA	Indonesia	authority: Cinachyrella australiensis (Carter, 1886)	taxon:885870	LB_1223	Cinachyrella australiensis	Becking, Leontine E.	mitochondrion	null	null	null	null	null	null	null	null	null	null	Eukaryota;Metazoa;Porifera;Demospongiae;Tetractinomorpha;Spirophorida;Tetillidae;Cinachyrella	cytochrome c oxidase subunit I	LB_1223	0.0	LB_1223	JX177882.1_f0	39.5445134576	Cinachyrella	Cinachyrella australiensis	null	0.0	1	4	GI:392932794	LGDDQL...GAITM	cox1	AFM91864.1	null
JX177881.1	GATGAC...TTTTA	JX177881.1_source	genomic DNA	Indonesia	authority: Cinachyrella australiensis (Carter, 1886)	taxon:885870	LB_817	Cinachyrella australiensis	Becking, Leontine E.	mitochondrion	null	null	null	null	null	null	null	null	null	null	Eukaryota;Metazoa;Porifera;Demospongiae;Tetractinomorpha;Spirophorida;Tetillidae;Cinachyrella	cytochrome c oxidase subunit I	LB_817	0.0	LB_817	JX177881.1_f0	38.3022774327	Cinachyrella	Cinachyrella australiensis	null	0.0	1	4	GI:392932792	DDQLYN...ITMLL	cox1	AFM91863.1	null
JX177880.1	CACGGT...AGAAA	JX177880.1_source	genomic DNA	Indonesia	authority: Cinachyrella australiensis (Carter, 1886)	taxon:885870	LB_815	Cinachyrella australiensis	Becking, Leontine E.	mitochondrion	null	null	null	null	null	null	null	null	null	null	Eukaryota;Metazoa;Porifera;Demospongiae;Tetractinomorpha;Spirophorida;Tetillidae;Cinachyrella	cytochrome c oxidase subunit I	LB_815	0.0	LB_815	JX177880.1_f0	38.1778741866	Cinachyrella	Cinachyrella australiensis	null	0.0	1	4	GI:392932790	HGLIMV...LLTDR	cox1	AFM91862.1	null
JX177879.1	GATGAC...TTTTA	JX177879.1_source	genomic DNA	Indonesia	authority: Cinachyrella australiensis (Carter, 1886)	taxon:885870	LB_647	Cinachyrella australiensis	Becking, Leontine E.	mitochondrion	null	null	null	null	null	null	null	null	null	null	Eukaryota;Metazoa;Porifera;Demospongiae;Tetractinomorpha;Spirophorida;Tetillidae;Cinachyrella	cytochrome c oxidase subunit I	LB_647	0.0	LB_647	JX177879.1_f0	38.9233954451	Cinachyrella	Cinachyrella australiensis	null	0.0	1	4	GI:392932788	DDQLYN...ITMLL	cox1	AFM91861.1	null
JX177878.1	TTGGGG...CTATG	JX177878.1_source	genomic DNA	Indonesia	authority: Cinachyrella australiensis (Carter, 1886)	taxon:885870	LB_645	Cinachyrella australiensis	Becking, Leontine E.	mitochondrion	null	null	null	null	null	null	null	null	null	null	Eukaryota;Metazoa;Porifera;Demospongiae;Tetractinomorpha;Spirophorida;Tetillidae;Cinachyrella	cytochrome c oxidase subunit I	LB_645	0.0	LB_645	JX177878.1_f0	40.5797101449	Cinachyrella	Cinachyrella australiensis	null	0.0	1	4	GI:392932786	LGDDQL...GAITM	cox1	AFM91860.1	null
JX177877.1	TTGGGG...AGAAA	JX177877.1_source	genomic DNA	Indonesia	authority: Cinachyrella australiensis (Carter, 1886)	taxon:885870	LB_425	Cinachyrella australiensis	Becking, Leontine E.	mitochondrion	null	null	null	null	null	null	null	null	null	null	Eukaryota;Metazoa;Porifera;Demospongiae;Tetractinomorpha;Spirophorida;Tetillidae;Cinachyrella	cytochrome c oxidase subunit I	LB_425	0.0	LB_425	JX177877.1_f0	38.8	Cinachyrella	Cinachyrella australiensis	null	0.0	1	4	GI:392932784	LGDDQL...LLTDR	cox1	AFM91859.1	null
JX177876.1	TTGGGC...AGAAA	JX177876.1_source	genomic DNA	Indonesia	authority: Cinachyrella australiensis (Carter, 1886)	taxon:885870	LB_424	Cinachyrella australiensis	Becking, Leontine E.	mitochondrion	null	null	null	null	null	null	null	null	null	null	Eukaryota;Metazoa;Porifera;Demospongiae;Tetractinomorpha;Spirophorida;Tetillidae;Cinachyrella	cytochrome c oxidase subunit I	LB_424	0.002	LB_424	JX177876.1_f0	39.2	Cinachyrella	Cinachyrella australiensis	null	0.0	1	4	GI:392932782	LGDDQL...LLTDR	cox1	AFM91858.1	null
JX177875.1	TTGGGG...AGAAA	JX177875.1_source	genomic DNA	Indonesia	authority: Cinachyrella australiensis (Carter, 1886)	taxon:885870	LB_91	Cinachyrella australiensis	Becking, Leontine E.	mitochondrion	null	null	null	null	null	null	null	null	null	null	Eukaryota;Metazoa;Porifera;Demospongiae;Tetractinomorpha;Spirophorida;Tetillidae;Cinachyrella	cytochrome c oxidase subunit I	LB_91	0.0	LB_91	JX177875.1_f0	39.0	Cinachyrella	Cinachyrella australiensis	null	0.0	1	4	GI:392932780	LGDDQL...LLTDR	cox1	AFM91857.1	null
JX177874.1	TTGGGG...AGAAA	JX177874.1_source	genomic DNA	Indonesia	authority: Cinachyrella australiensis (Carter, 1886)	taxon:885870	LB_80	Cinachyrella australiensis	Becking, Leontine E.	mitochondrion	null	null	null	null	null	null	null	null	null	null	Eukaryota;Metazoa;Porifera;Demospongiae;Tetractinomorpha;Spirophorida;Tetillidae;Cinachyrella	cytochrome c oxidase subunit I	LB_80	0.0	LB_80	JX177874.1_f0	39.2	Cinachyrella	Cinachyrella australiensis	null	0.0	1	4	GI:392932778	LGDDQL...LLTDR	cox1	AFM91856.1	null
JX177873.1	TTGGGG...CTATG	JX177873.1_source	genomic DNA	Indonesia	authority: Cinachyrella australiensis (Carter, 1886)	taxon:885870	LB_664	Cinachyrella australiensis	Becking, Leontine E.	mitochondrion	null	null	null	null	null	null	null	null	null	null	Eukaryota;Metazoa;Porifera;Demospongiae;Tetractinomorpha;Spirophorida;Tetillidae;Cinachyrella	cytochrome c oxidase subunit I	LB_664	0.0	LB_664	JX177873.1_f0	40.3726708075	Cinachyrella	Cinachyrella australiensis	null	0.0	1	4	GI:392932776	LGDDQL...GAITM	cox1	AFM91855.1	null
JX177872.1	GATGAC...GGGGA	JX177872.1_source	genomic DNA	Indonesia	authority: Cinachyrella australiensis (Carter, 1886)	taxon:885870	LB_662	Cinachyrella australiensis	Becking, Leontine E.	mitochondrion	null	null	null	null	null	null	null	null	null	null	Eukaryota;Metazoa;Porifera;Demospongiae;Tetractinomorpha;Spirophorida;Tetillidae;Cinachyrella	cytochrome c oxidase subunit I	LB_662	0.0	LB_662	JX177872.1_f0	40.1500938086	Cinachyrella	Cinachyrella australiensis	null	0.0	1	4	GI:392932774	DDQLYN...PAGGG	cox1	AFM91854.1	null
JX177871.1	GATGAC...GGGGA	JX177871.1_source	genomic DNA	Indonesia	authority: Cinachyrella australiensis (Carter, 1886)	taxon:885870	LB_1232	Cinachyrella australiensis	Becking, Leontine E.	mitochondrion	null	null	null	null	null	null	null	null	null	null	Eukaryota;Metazoa;Porifera;Demospongiae;Tetractinomorpha;Spirophorida;Tetillidae;Cinachyrella	cytochrome c oxidase subunit I	LB_1232	0.0	LB_1232	JX177871.1_f0	41.8386491557	Cinachyrella	Cinachyrella australiensis	null	0.0	1	4	GI:392932772	DDQLYN...PAGGG	cox1	AFM91853.1	null
JX177870.1	GGGGAT...GGTGA	JX177870.1_source	genomic DNA	Indonesia	authority: Paratetilla bacca Wilson, 1925	taxon:1199255	LB_1231	Paratetilla bacca	Becking, Leontine E.	mitochondrion	null	null	null	null	null	null	null	null	null	null	Eukaryota;Metazoa;Porifera;Demospongiae;Tetractinomorpha;Spirophorida;Tetillidae;Paratetilla	cytochrome c oxidase subunit I	LB_1231	0.0	LB_1231	JX177870.1_f0	39.552238806	Paratetilla	Paratetilla bacca	null	0.0	1	4	GI:392932770	GDDQLY...PAGGG	cox1	AFM91852.1	null
JX177869.1	GATGAC...GGGGA	JX177869.1_source	genomic DNA	Indonesia	authority: Cinachyrella australiensis (Carter, 1886)	taxon:885870	LB_637	Cinachyrella australiensis	Becking, Leontine E.	mitochondrion	null	null	null	null	null	null	null	null	null	null	Eukaryota;Metazoa;Porifera;Demospongiae;Tetractinomorpha;Spirophorida;Tetillidae;Cinachyrella	cytochrome c oxidase subunit I	LB_637	0.0	LB_637	JX177869.1_f0	40.1500938086	Cinachyrella	Cinachyrella australiensis	null	0.0	1	4	GI:392932768	DDQLYN...PAGGG	cox1	AFM91851.1	null
HM592669.1	GACCTT...TATTT	HM592669.1_source	genomic DNA	Norway	null	taxon:1006792	ZMBN:85239	Craniella cranium	Paco Cardenas & Hans Tore Rapp	mitochondrion	Hans Tore Rapp	null	null	null	null	null	null	null	null	null	Eukaryota;Metazoa;Porifera;Demospongiae;Tetractinomorpha;Spirophorida;Tetillidae;Craniella	cytochrome c oxidase subunit I	ZMBN_85239	0.0	ZMBN_85239	HM592669.1_f0	38.7537993921	Craniella	Craniella cranium	null	0.0	2	4	GI:329124313	TLYLLF...FQHLF	COI	AEB72034.1	null
HM592668.1	GACCTT...TATTC	HM592668.1_source	genomic DNA	Norway	null	taxon:1006818	ZMBN:85240	Craniella sp. PC-2011	Paco Cardenas	mitochondrion	Paco Cardenas	24-Oct-2007	null	null	null	null	null	null	null	null	Eukaryota;Metazoa;Porifera;Demospongiae;Tetractinomorpha;Spirophorida;Tetillidae;Craniella	cytochrome c oxidase subunit I	ZMBN_85240	0.0	ZMBN_85240	HM592668.1_f0	38.7537993921	Craniella	Craniella sp. PC-2011	null	0.0	2	4	GI:329124311	TLYLLF...FQHLF	COI	AEB72033.1	null
HM592667.1	GACCTT...TATTT	HM592667.1_source	genomic DNA	USA	null	taxon:263142	ZMBN:81789	Cinachyrella apion	Paco Cardenas	mitochondrion	Tse-Lynn Loh	05-Nov-2008	null	null	null	null	null	null	null	null	Eukaryota;Metazoa;Porifera;Demospongiae;Tetractinomorpha;Spirophorida;Tetillidae;Cinachyrella	cytochrome c oxidase subunit I	ZMBN_81789	0.0	ZMBN_81789	HM592667.1_f0	36.7781155015	Cinachyrella	Cinachyrella apion	null	0.0	2	4	GI:329124309	TLYLLF...FQHLF	COI	AEB72032.1	null
KC774024.1	AGCCTG...CAGTT	KC774024.1_source	genomic DNA	null	null	taxon:1350299	null	Cinachyrella sp. 3-10	null	null	null	null	3-10	South China Sea	null	null	null	null	null	null	Eukaryota;Metazoa;Porifera;Demospongiae;Tetractinomorpha;Spirophorida;Tetillidae;Cinachyrella	18S ribosomal RNA	null	0.0	null	KC774024.1_f0	52.2821576763	Cinachyrella	Cinachyrella sp. 3-10	null	null	null	null	null	null	null	null	null
KC762720.1	CCTGCC...GGCGG	KC762720.1_source	genomic DNA	null	null	taxon:1348083	null	Cinachyrella sp. 3-9	null	null	null	null	3-9	South China Sea	null	null	null	null	null	null	Eukaryota;Metazoa;Porifera;Demospongiae;Tetractinomorpha;Spirophorida;Tetillidae;Cinachyrella	18S ribosomal RNA	null	0.0	null	KC762720.1_f0	50.0952380952	Cinachyrella	Cinachyrella sp. 3-9	null	null	null	null	null	null	null	null	null
KC762713.1	CCTGCC...GGCGG	KC762713.1_source	genomic DNA	null	null	taxon:1348082	null	Cinachyrella sp. 3-1	null	null	null	null	3-1	South China Sea	null	null	null	null	null	null	Eukaryota;Metazoa;Porifera;Demospongiae;Tetractinomorpha;Spirophorida;Tetillidae;Cinachyrella	18S ribosomal RNA	null	0.0	null	KC762713.1_f0	50.0952380952	Cinachyrella	Cinachyrella sp. 3-1	null	null	null	null	null	null	null	null	null
KC762710.1	ACTAAG...CCTTG	KC762710.1_source	genomic DNA	null	null	taxon:1348085	null	Craniella sp. 2-7	null	null	null	null	2-7	South China Sea	null	null	null	null	null	null	Eukaryota;Metazoa;Porifera;Demospongiae;Tetractinomorpha;Spirophorida;Tetillidae;Craniella	18S ribosomal RNA	null	0.0	null	KC762710.1_f0	49.2380952381	Craniella	Craniella sp. 2-7	null	null	null	null	null	null	null	null	null
KC762708.1	CATATG...ATCGG	KC762708.1_source	genomic DNA	null	null	taxon:458489	null	Cinachyrella kuekenthali	null	null	null	null	2-4	South China Sea	null	null	null	null	null	null	Eukaryota;Metazoa;Porifera;Demospongiae;Tetractinomorpha;Spirophorida;Tetillidae;Cinachyrella	18S ribosomal RNA	null	0.0	Cinachyrella_kuekenthali	KC762708.1_f0	50.1449275362	Cinachyrella	Cinachyrella kuekenthali	null	null	null	null	null	null	null	null	null
HM032752.3	TTGTAC...ATCAC	HM032752.3_source	genomic DNA	Australia	null	taxon:885875	QMG318785	Craniella sp. 3318	null	mitochondrion	null	null	null	null	null	null	null	null	null	null	Eukaryota;Metazoa;Porifera;Demospongiae;Tetractinomorpha;Spirophorida;Tetillidae;Craniella	cytochrome c oxidase subunit I	QMG_318785	0.00608272506083	QMG_318785	HM032752.3_f0	38.6861313869	Craniella	Craniella sp. 3318	null	0.0109489051095	1	4	GI:334350725	LYLLFG...VWAHH	cox1	ADO14991.3	1.6.3.1
HM032749.2	ACGTTA...TTTAT	HM032749.2_source	genomic DNA	Antarctica	null	taxon:885872	QMG315031	Tetilla leptoderma	null	mitochondrion	null	null	null	null	null	null	null	null	null	null	Eukaryota;Metazoa;Porifera;Demospongiae;Tetractinomorpha;Spirophorida;Tetillidae;Tetilla	cytochrome c oxidase subunit I	QMG315031	0.0	QMG315031	HM032749.2_f0	39.1534391534	Tetilla	Tetilla leptoderma	null	0.0	1	4	GI:308125274	TLYLLF...FGGVY	cox1	ADO14988.1	1.6.3.1
HM032748.2	TTATAC...TTGTT	HM032748.2_source	genomic DNA	Australia	null	taxon:885876	QMG316372	Craniella sp. 3878	null	mitochondrion	null	null	null	null	null	null	null	null	null	null	Eukaryota;Metazoa;Porifera;Demospongiae;Tetractinomorpha;Spirophorida;Tetillidae;Craniella	cytochrome c oxidase subunit I	QMG316372	0.0	QMG316372	HM032748.2_f0	39.6341463415	Craniella	Craniella sp. 3878	null	0.0	1	4	GI:308125272	LYLLFG...AMGFV	cox1	ADO14987.1	1.6.3.1
HM032747.2	TACTTA...TTTTT	HM032747.2_source	genomic DNA	Australia	null	taxon:885876	QMG316342	Craniella sp. 3878	null	mitochondrion	null	null	null	null	null	null	null	null	null	null	Eukaryota;Metazoa;Porifera;Demospongiae;Tetractinomorpha;Spirophorida;Tetillidae;Craniella	cytochrome c oxidase subunit I	QMG_316342	0.0	QMG_316342	HM032747.2_f0	39.6341463415	Craniella	Craniella sp. 3878	null	0.0	1	4	GI:308125270	YLLFGV...MGFVF	cox1	ADO14986.1	1.6.3.1
HM032751.1	TTATAC...TCTTT	HM032751.1_source	genomic DNA	Iceland	null	taxon:885873	VM14754	Craniella zetlandica	null	mitochondrion	null	null	null	null	null	null	null	null	null	null	Eukaryota;Metazoa;Porifera;Demospongiae;Tetractinomorpha;Spirophorida;Tetillidae;Craniella	cytochrome c oxidase subunit I	VM_14754	0.0	VM_14754	HM032751.1_f0	38.6486486486	Craniella	Craniella zetlandica	null	0.0	1	4	GI:308125278	LYLLFG...MGAIF	cox1	ADO14990.1	1.6.3.1
HM032750.1	ACCTTA...TTTAT	HM032750.1_source	genomic DNA	Iceland	null	taxon:902688	BIOICE 3659	Craniella sp. AS-2010	null	mitochondrion	null	null	null	null	null	null	null	null	null	null	Eukaryota;Metazoa;Porifera;Demospongiae;Tetractinomorpha;Spirophorida;Tetillidae;Craniella	cytochrome c oxidase subunit I	BIOICE 3659	0.0	BIOICE 3659	HM032750.1_f0	38.9770723104	Craniella	Craniella sp. AS-2010	null	0.0	1	4	GI:308125276	TLYLLF...FGGFY	cox1	ADO14989.1	1.6.3.1
HM032746.1	TTATTA...ATTTT	HM032746.1_source	genomic DNA	Australia	null	taxon:885871	QMG320143	Cinachyrella schulzei	null	mitochondrion	null	null	null	null	null	null	null	null	null	null	Eukaryota;Metazoa;Porifera;Demospongiae;Tetractinomorpha;Spirophorida;Tetillidae;Cinachyrella	cytochrome c oxidase subunit I	QMG320143	0.0	QMG320143	HM032746.1_f0	37.9746835443	Cinachyrella	Cinachyrella schulzei	null	0.0	1	4	GI:308125268	LLFGVF...GKIHF	cox1	ADO14985.1	1.6.3.1
HM032745.1	ACGTTA...ATTTT	HM032745.1_source	genomic DNA	Australia	null	taxon:885871	QMG320636	Cinachyrella schulzei	null	mitochondrion	null	null	null	null	null	null	null	null	null	null	Eukaryota;Metazoa;Porifera;Demospongiae;Tetractinomorpha;Spirophorida;Tetillidae;Cinachyrella	cytochrome c oxidase subunit I	QMG_320636	0.0	QMG_320636	HM032745.1_f0	37.9396984925	Cinachyrella	Cinachyrella schulzei	null	0.0	1	4	GI:308125266	TLYLLF...GKIHF	cox1	ADO14984.1	1.6.3.1
HM032744.1	ACGTTA...TTGCC	HM032744.1_source	genomic DNA	Australia	null	taxon:885878	QMG314224	Paratetilla sp. 2656	null	mitochondrion	null	null	null	null	null	null	null	null	null	null	Eukaryota;Metazoa;Porifera;Demospongiae;Tetractinomorpha;Spirophorida;Tetillidae;Paratetilla	cytochrome c oxidase subunit I	QMG_314224	0.0	QMG_314224	HM032744.1_f0	38.9784946237	Paratetilla	Paratetilla sp. 2656	null	0.0	1	4	GI:308125264	TLYLLF...GAIFA	cox1	ADO14983.1	1.6.3.1
HM032743.1	TTATTA...CGCAT	HM032743.1_source	genomic DNA	Australia	null	taxon:885870	QMG321405	Cinachyrella australiensis	null	mitochondrion	null	null	null	null	null	null	null	null	null	null	Eukaryota;Metazoa;Porifera;Demospongiae;Tetractinomorpha;Spirophorida;Tetillidae;Cinachyrella	cytochrome c oxidase subunit I	QMG_321405	0.0	QMG_321405	HM032743.1_f0	40.7134071341	Cinachyrella	Cinachyrella australiensis	null	0.0	1	4	GI:308125262	LLFGLF...IVWAH	cox1	ADO14982.1	1.6.3.1
HM032742.1	ACCTTA...GAGTA	HM032742.1_source	genomic DNA	Brazil	null	taxon:624303	MNRJ 576	Tetilla radiata	null	mitochondrion	null	null	null	null	null	null	null	null	null	null	Eukaryota;Metazoa;Porifera;Demospongiae;Tetractinomorpha;Spirophorida;Tetillidae;Tetilla	cytochrome c oxidase subunit I	MNRJ_576	0.0	MNRJ_576	HM032742.1_f0	36.8724279835	Tetilla	Tetilla radiata	null	0.0	1	4	GI:308125259	TLYLLF...MFIGV	cox1	ADO14980.1	1.6.3.1
HM032741.1	CTTATT...GTTTA	HM032741.1_source	genomic DNA	Australia	null	taxon:885874	QMG320270	Cinachyrella sp. 3473	null	mitochondrion	null	null	null	null	null	null	null	null	null	null	Eukaryota;Metazoa;Porifera;Demospongiae;Tetractinomorpha;Spirophorida;Tetillidae;Cinachyrella	cytochrome c oxidase subunit I	QMG_320270	0.0	QMG_320270	HM032741.1_f0	38.0111524164	Cinachyrella	Cinachyrella sp. 3473	null	0.0	1	4	GI:308125256	LIRLEL...IFGGV	cox1	ADO14978.1	1.6.3.1
HM032740.1	ACCTTA...AGGAG	HM032740.1_source	genomic DNA	Tanzania	null	taxon:902687	TAU 25621	Cinachyrella sp. AS-2010	null	mitochondrion	null	null	null	null	null	null	null	null	null	null	Eukaryota;Metazoa;Porifera;Demospongiae;Tetractinomorpha;Spirophorida;Tetillidae;Cinachyrella	cytochrome c oxidase subunit I	TAU_25621	0.0	TAU_25621	HM032740.1_f0	36.8507831822	Cinachyrella	Cinachyrella sp. AS-2010	null	0.0	1	4	GI:308125253	TLYLLF...LMFIG	cox1	ADO14976.1	1.6.3.1
HM032739.1	ACCTTA...AGGAG	HM032739.1_source	genomic DNA	Bahamas	null	taxon:902687	TAU 25622	Cinachyrella sp. AS-2010	null	mitochondrion	null	null	null	null	null	null	null	null	null	null	Eukaryota;Metazoa;Porifera;Demospongiae;Tetractinomorpha;Spirophorida;Tetillidae;Cinachyrella	cytochrome c oxidase subunit I	TAU_25622	0.0	TAU_25622	HM032739.1_f0	36.8507831822	Cinachyrella	Cinachyrella sp. AS-2010	null	0.0	1	4	GI:308125250	TLYLLF...LMFIG	cox1	ADO14974.1	1.6.3.1
HM032738.1	ACCTTA...GAGTA	HM032738.1_source	genomic DNA	Bahamas	null	taxon:666329	TAU 25623	Cinachyrella alloclada	null	mitochondrion	null	null	null	null	null	null	null	null	null	null	Eukaryota;Metazoa;Porifera;Demospongiae;Tetractinomorpha;Spirophorida;Tetillidae;Cinachyrella	cytochrome c oxidase subunit I	TAU 25623	0.0	TAU 25623	HM032738.1_f0	36.6255144033	Cinachyrella	Cinachyrella alloclada	null	0.0	1	4	GI:308125247	TLYLLF...MFIGV	cox1	ADO14972.1	1.6.3.1
HM629803.1	TTATTT...GGAAG	HM629803.1_source	genomic DNA	Lebanon	PCR_primers=fwd_name: 18S-Tetillidae-D1, fwd_seq: atggctcattaaatcagttatag, rev_name: 18S2	taxon:878253	MHNM 16194	Cinachyrella levantinensis	null	null	null	null	null	null	null	null	null	null	null	null	Eukaryota;Metazoa;Porifera;Demospongiae;Tetractinomorpha;Spirophorida;Tetillidae;Cinachyrella	18S ribosomal RNA	MHNM_16194	0.00181818181818	MHNM_16194	HM629803.1_f0	52.4242424242	Cinachyrella	Cinachyrella levantinensis	null	null	null	null	null	null	null	null	null
JX177866.1	CTATCC...GTTTA	JX177866.1_source	genomic DNA	New Zealand	null	taxon:1200910	NIWA_36097	Craniella cf. leptoderma AS-2012	Kelly, Michelle	mitochondrion	null	null	null	null	null	null	null	null	null	null	Eukaryota;Metazoa;Porifera;Demospongiae;Tetractinomorpha;Spirophorida;Tetillidae;Craniella	cytochrome c oxidase subunit I	NIWA_36097	0.0	NIWA_36097	JX177866.1_f0	39.9345335516	Craniella	Craniella cf. leptoderma AS-2012	null	0.0	1	4	GI:393886000	LSAPGL...GHPEV	cox1	AFN26014.1	null
JX177865.1	GGATTA...GATCC	JX177865.1_source	genomic DNA	New Zealand	null	taxon:1200910	NIWA_28910	Craniella cf. leptoderma AS-2012	Kelly, Michelle	mitochondrion	null	null	null	null	null	null	null	null	null	null	Eukaryota;Metazoa;Porifera;Demospongiae;Tetractinomorpha;Spirophorida;Tetillidae;Craniella	cytochrome c oxidase subunit I	NIWA_28910	0.0	NIWA_28910	JX177865.1_f0	40.6533575318	Craniella	Craniella cf. leptoderma AS-2012	null	0.0	1	4	GI:393885998	GLMLGD...GGGDP	cox1	AFN26013.1	null
JX177863.1	ACTATC...AAGTT	JX177863.1_source	genomic DNA	New Zealand	authority: Craniella sagitta (Lendenfeld, 1907)	taxon:1199254	NIWA_28929	Craniella sagitta	Kelly, Michelle	mitochondrion	null	null	null	null	null	null	null	null	null	null	Eukaryota;Metazoa;Porifera;Demospongiae;Tetractinomorpha;Spirophorida;Tetillidae;Craniella	cytochrome c oxidase subunit I	NIWA_28929	0.0	NIWA_28929	JX177863.1_f0	40.0	Craniella	Craniella sagitta	null	0.0	2	4	GI:393885994	LSAPGL...GHPEV	cox1	AFN26011.1	null
HM592754.1	ATCAAT...TTCGA	HM592754.1_source	genomic DNA	Norway	null	taxon:1006818	ZMBN:85240	Craniella sp. PC-2011	Paco Cardenas	null	Paco Cardenas	24-Oct-2007	null	null	null	null	null	null	null	null	Eukaryota;Metazoa;Porifera;Demospongiae;Tetractinomorpha;Spirophorida;Tetillidae;Craniella	28S large subunit ribosomal RNA	ZMBN_85240	0.0	ZMBN_85240	HM592754.1_f0	67.1875	Craniella	Craniella sp. PC-2011	C1-D2 domains	null	null	null	null	null	null	null	null
HM592753.1	ATCAAT...TTCGA	HM592753.1_source	genomic DNA	USA: Florida	null	taxon:263142	ZMBN:81789	Cinachyrella apion	Paco Cardenas	null	Tse-Lynn Loh	11-May-2008	null	null	null	null	null	null	null	null	Eukaryota;Metazoa;Porifera;Demospongiae;Tetractinomorpha;Spirophorida;Tetillidae;Cinachyrella	28S large subunit ribosomal RNA	ZMBN_81789	0.00243309002433	ZMBN_81789	HM592753.1_f0	65.2068126521	Cinachyrella	Cinachyrella apion	C1-D2 domains	null	null	null	null	null	null	null	null
KC122679.1	GACCTT...TATTT	KC122679.1_source	genomic DNA	Norway	color alive: white; field#: PS70/9-4(6); stored at the University of Bergen, Norway	taxon:885873	PC252	Craniella zetlandica	Paco Cardenas	mitochondrion	Paco Cardenas & Friederike Hoffmann	04-Jun-2007	null	null	fwd_name: lco1490, fwd_seq: ggtcaacaaatcataaagatattgg, rev_name: hco2198, rev_seq: taaacttcagggtgaccaaaaaatca	67.50 N 9.42 E	null	null	null	null	Eukaryota;Metazoa;Porifera;Demospongiae;Tetractinomorpha;Spirophorida;Tetillidae;Craniella	cytochrome oxidase subunit I	PC252	0.0	PC252	KC122679.1_f0	38.7537993921	Craniella	Craniella zetlandica	Folmer fragment	0.0	2	4	GI:448871418	TLYLLF...FQHLF	COI	AGE45643.1	null
NC_010198.1	GATTTA...ACTTA	NC_010198.1_source	genomic DNA	null	null	taxon:458489	null	Cinachyrella kuekenthali	null	mitochondrion	null	null	null	null	null	null	sponge	null	null	null	Eukaryota;Metazoa;Porifera;Demospongiae;Tetractinomorpha;Spirophorida;Tetillidae;Cinachyrella	cytochrome c oxidase subunit I	null	0.0	Cinachyrella_kuekenthali	NC_010198.1_f0	39.5156150414	Cinachyrella	Cinachyrella kuekenthali	null	0.0	1	4	GI:164421124;GeneID:5846723	MDRLYL...YKGSS	COX1	YP_001648419.1	null
HE591469.1	ACTAAG...TTTAG	HE591469.1_source	genomic DNA	Norfolk Island:South Norfolk Ridge (Norfanz cruise)	null	taxon:885876	QMG316372	Craniella sp. 3878	John N.A. Hooper	null	null	12-May-2003	null	null	null	null	null	S105	null	null	Eukaryota;Metazoa;Porifera;Demospongiae;Tetractinomorpha;Spirophorida;Tetillidae;Craniella	18S ribosomal RNA	QMG316372	0.0	QMG316372	HE591469.1_f0	51.0180337405	Craniella	Craniella sp. 3878	null	null	null	null	null	null	18S rRNA	null	null
AM076987.1	ACCTTA...TGTTT	AM076987.1_source	genomic DNA	Israel:Mediterranean Sea	null	taxon:878253	TAU:25456	Cinachyrella levantinensis	null	mitochondrion	null	null	null	null	null	null	null	null	null	null	Eukaryota;Metazoa;Porifera;Demospongiae;Tetractinomorpha;Spirophorida;Tetillidae;Cinachyrella	cytochrome c oxidase subunit I	TAU:25456	0.0	TAU:25456	AM076987.1_f0	37.8938640133	Cinachyrella	Cinachyrella levantinensis	null	0.0	1	4	GI:114649501;GOA:Q0E7I9;InterPro:IPR000883;InterPro:IPR023615;InterPro:IPR023616;UniProtKB/TrEMBL:Q0E7I9	TLYLLF...FWLMF	cox1	CAJ29535.2	1.6.3.1
AM076987.1	ACCTTA...TGTTT	AM076987.1_source	genomic DNA	Israel:Mediterranean Sea	null	taxon:878253	TAU:25456	Cinachyrella levantinensis	null	mitochondrion	null	null	null	null	null	null	null	null	null	null	Eukaryota;Metazoa;Porifera;Demospongiae;Tetractinomorpha;Spirophorida;Tetillidae;Cinachyrella	hypothetical protein	TAU:25456	0.0	TAU:25456	AM076987.1_f1	35.3741496599	Cinachyrella	Cinachyrella levantinensis	putative LAGLIDADG ORF	0.0	1	4	GI:114649502;GOA:Q0E7I8;InterPro:IPR001982;UniProtKB/TrEMBL:Q0E7I8	LRNISG...RQSEH	cox1	CAJ29536.2	null
HM629802.1	GTAGTC...AACAA	HM629802.1_source	genomic DNA	Israel: Mediterranean Sea	PCR_primers=fwd_name: 18S1, rev_name: 18S2	taxon:878253	TAU 25456	Cinachyrella levantinensis	null	null	null	null	null	null	null	null	null	null	null	null	Eukaryota;Metazoa;Porifera;Demospongiae;Tetractinomorpha;Spirophorida;Tetillidae;Cinachyrella	18S ribosomal RNA	TAU_25456	0.00454029511918	TAU_25456	HM629802.1_f0	51.3053348468	Cinachyrella	Cinachyrella levantinensis	null	null	null	null	null	null	null	null	null
JQ236883.1	AATGTT...GCCAT	JQ236883.1_source	genomic DNA	null	null	taxon:1137635	null	Paratetilla sp. KRC-2012	null	mitochondrion	null	null	null	null	null	null	null	null	null	null	Eukaryota;Metazoa;Porifera;Demospongiae;Tetractinomorpha;Spirophorida;Tetillidae;Paratetilla	cytochrome c oxidase subunit I	null	0.0	null	JQ236883.1_f0	38.9215686275	Paratetilla	Paratetilla sp. KRC-2012	null	0.0	2	4	GI:374341588	MLGDDQ...LSMGA	coxI	AEZ35212.1	null
JQ236882.1	AATGTT...GCTAT	JQ236882.1_source	genomic DNA	null	null	taxon:1137634	null	Cinachyrella sp. 1B KRC-2012	null	mitochondrion	null	null	null	null	null	null	null	null	null	null	Eukaryota;Metazoa;Porifera;Demospongiae;Tetractinomorpha;Spirophorida;Tetillidae;Cinachyrella	cytochrome c oxidase subunit I	null	0.0	null	JQ236882.1_f0	37.6470588235	Cinachyrella	Cinachyrella sp. 1B KRC-2012	null	0.0	2	4	GI:374341585	MLGDDQ...LSMGA	coxI	AEZ35210.1	null
JQ236881.1	AATGTT...GCTAT	JQ236881.1_source	genomic DNA	null	null	taxon:1137633	null	Cinachyrella sp. 1A KRC-2012	null	mitochondrion	null	null	null	null	null	null	null	null	null	null	Eukaryota;Metazoa;Porifera;Demospongiae;Tetractinomorpha;Spirophorida;Tetillidae;Cinachyrella	cytochrome c oxidase subunit I	null	0.0	null	JQ236881.1_f0	37.7450980392	Cinachyrella	Cinachyrella sp. 1A KRC-2012	null	0.0	2	4	GI:374341582	MLGDDQ...LSMGA	coxI	AEZ35208.1	null
EF519603.1	ATGATA...GATCC	EF519603.1_source	genomic DNA	null	null	taxon:458489	K75	Cinachyrella kuekenthali	null	mitochondrion	null	null	null	null	null	null	null	null	null	null	Eukaryota;Metazoa;Porifera;Demospongiae;Tetractinomorpha;Spirophorida;Tetillidae;Cinachyrella	cytochrome oxidase subunit I	K75	0.0	K75	EF519603.1_f0	40.4109589041	Cinachyrella	Cinachyrella kuekenthali	null	0.0	1	4	GI:155675112	MIGSGF...TFFDP	cox1	ABU24891.1	null
EF519602.1	ATGATA...GATCC	EF519602.1_source	genomic DNA	null	null	taxon:458489	B79	Cinachyrella kuekenthali	null	mitochondrion	null	null	null	null	null	null	null	null	null	null	Eukaryota;Metazoa;Porifera;Demospongiae;Tetractinomorpha;Spirophorida;Tetillidae;Cinachyrella	cytochrome oxidase subunit I	B79	0.0	B79	EF519602.1_f0	40.2397260274	Cinachyrella	Cinachyrella kuekenthali	null	0.0	1	4	GI:155675110	MIGSGF...TFFDP	cox1	ABU24890.1	null
EF519601.1	ATGATA...GATCC	EF519601.1_source	genomic DNA	null	null	taxon:263142	B25	Cinachyrella apion	null	mitochondrion	null	null	null	null	null	null	null	null	null	null	Eukaryota;Metazoa;Porifera;Demospongiae;Tetractinomorpha;Spirophorida;Tetillidae;Cinachyrella	cytochrome oxidase subunit I	B25	0.0	B25	EF519601.1_f0	37.1575342466	Cinachyrella	Cinachyrella apion	null	0.0	1	4	GI:155675108	MIGSGF...TFFDP	cox1	ABU24889.1	null
FJ711646.1	AAAGAT...TTTTG	FJ711646.1_source	genomic DNA	Panama	null	taxon:458489	ZMBN:81787	Cinachyrella kuekenthali	Paco Cardenas	mitochondrion	Paco Cardenas	null	null	null	null	null	null	null	null	null	Eukaryota;Metazoa;Porifera;Demospongiae;Tetractinomorpha;Spirophorida;Tetillidae;Cinachyrella	cytochrome c oxidase subunit I	ZMBN_81787	0.00147275405007	ZMBN_81787	FJ711646.1_f0	39.911634757	Cinachyrella	Cinachyrella kuekenthali	null	0.0	1	4	GI:261263556	KDIGTL...LFWFF	COI	ACX55118.1	null
FJ711645.1	AAAGAT...TTTTG	FJ711645.1_source	genomic DNA	Panama	null	taxon:263142	ZMBN:81785	Cinachyrella apion	Paco Cardenas	mitochondrion	Paco Cardenas	null	null	null	null	null	null	null	null	null	Eukaryota;Metazoa;Porifera;Demospongiae;Tetractinomorpha;Spirophorida;Tetillidae;Cinachyrella	cytochrome c oxidase subunit I	ZMBN_81785	0.0	ZMBN_81785	FJ711645.1_f0	36.3770250368	Cinachyrella	Cinachyrella apion	null	0.0	1	4	GI:261263554	KDIGTL...LFWFF	COI	ACX55117.1	null
AF062604.1	GAACTG...TTCGA	AF062604.1_source	genomic DNA	null	null	taxon:76782	null	Cinachyrella cf. schulzei	null	null	null	null	null	null	null	null	null	null	null	null	Eukaryota;Metazoa;Porifera;Demospongiae;Tetractinomorpha;Spirophorida;Tetillidae;Cinachyrella	28S ribosomal RNA	null	0.00115473441109	null	AF062604.1_f0	63.9722863741	Cinachyrella	Cinachyrella cf. schulzei	null	null	null	null	null	null	null	null	null
EU237479.1	GATTTA...ACTTA	EU237479.1_source	genomic DNA	null	null	taxon:458489	null	Cinachyrella kuekenthali	null	mitochondrion	null	null	null	null	null	null	null	null	null	null	Eukaryota;Metazoa;Porifera;Demospongiae;Tetractinomorpha;Spirophorida;Tetillidae;Cinachyrella	cytochrome c oxidase subunit 1	null	0.0	null	EU237479.1_f0	39.5156150414	Cinachyrella	Cinachyrella kuekenthali	null	0.0	1	4	GI:158938906	MDRLYL...YKGSS	cox1	ABW83835.1	null
EU702414.1	CATATG...AACAA	EU702414.1_source	genomic DNA	null	null	taxon:458489	null	Cinachyrella kuekenthali	null	null	null	null	null	null	null	null	null	null	null	null	Eukaryota;Metazoa;Porifera;Demospongiae;Tetractinomorpha;Spirophorida;Tetillidae;Cinachyrella	18S ribosomal RNA	null	0.0	null	EU702414.1_f0	51.6496018203	Cinachyrella	Cinachyrella kuekenthali	null	null	null	null	null	null	null	null	null
D15067.1	CTCAAA...GAAGT	D15067.1_source	genomic DNA	null	null	taxon:29776	null	Tetilla japonica	null	null	null	null	null	null	null	null	null	null	null	null	Eukaryota;Metazoa;Porifera;Demospongiae;Tetractinomorpha;Spirophorida;Tetillidae;Tetilla	18S ribosomal RNA	null	0.0	null	D15067.1_f0	50.3496503497	Tetilla	Tetilla japonica	null	null	null	null	null	null	null	null	null
AY734439.1	CCTGCC...CTGCA	AY734439.1_source	genomic DNA	null	null	taxon:295232	sp11	Cinachyrella sp. sp11	null	null	null	null	null	null	null	null	null	null	null	null	Eukaryota;Metazoa;Porifera;Demospongiae;Tetractinomorpha;Spirophorida;Tetillidae;Cinachyrella	18S ribosomal RNA	sp11	0.0	sp11	AY734439.1_f0	51.6741071429	Cinachyrella	Cinachyrella sp. sp11	null	null	null	null	null	null	null	null	null
AY734438.1	CCTGCC...GTGAA	AY734438.1_source	genomic DNA	null	null	taxon:295233	24-XI-02-3-2 N28	Cinachyrella sp. 24-XI-02-3-2 N28	null	null	null	null	null	null	null	null	null	null	null	null	Eukaryota;Metazoa;Porifera;Demospongiae;Tetractinomorpha;Spirophorida;Tetillidae;Cinachyrella	18S ribosomal RNA	24-XI-02-3-2 N28	0.0	24-XI-02-3-2 N28	AY734438.1_f0	51.7917133259	Cinachyrella	Cinachyrella sp. 24-XI-02-3-2 N28	null	null	null	null	null	null	null	null	null
AY734437.1	CCTGGT...CTGCA	AY734437.1_source	genomic DNA	null	null	taxon:295230	22-XI-02-1-13 N25	Cinachyrella sp. 22-XI-02-1-13 N25	null	null	null	null	null	null	null	null	null	null	null	null	Eukaryota;Metazoa;Porifera;Demospongiae;Tetractinomorpha;Spirophorida;Tetillidae;Cinachyrella	18S ribosomal RNA	22-XI-02-1-13 N25	0.0	22-XI-02-1-13 N25	AY734437.1_f0	51.6648168701	Cinachyrella	Cinachyrella sp. 22-XI-02-1-13 N25	null	null	null	null	null	null	null	null	null
AJ843895.1	TTATAC...TATTT	AJ843895.1_source	genomic DNA	Bermuda:Flatts Inlet	null	taxon:263142	null	Cinachyrella apion	null	mitochondrion	null	null	null	null	null	null	null	null	null	null	Eukaryota;Metazoa;Porifera;Demospongiae;Tetractinomorpha;Spirophorida;Tetillidae;Cinachyrella	cytochrome oxidase subunit I	null	0.0	null	AJ843895.1_f0	36.5443425076	Cinachyrella	Cinachyrella apion	null	0.0	1	4	GI:76663994;GOA:Q3LEF0;InterPro:IPR000883;UniProtKB/TrEMBL:Q3LEF0	LYLLFG...FQHLF	coi	CAH59214.1	null
AJ627186.1	AGTCAT...CAATA	AJ627186.1_source	genomic DNA	Bermuda	null	taxon:263142	null	Cinachyrella apion	null	null	null	null	null	null	null	null	null	null	null	null	Eukaryota;Metazoa;Porifera;Demospongiae;Tetractinomorpha;Spirophorida;Tetillidae;Cinachyrella	18S ribosomal RNA	null	0.0	null	AJ627186.1_f0	51.724137931	Cinachyrella	Cinachyrella apion	null	null	null	null	null	null	18S rRNA	null	null
JX177977.1	CTTTAT...GCCCG	JX177977.1_source	genomic DNA	New Zealand	authority: Cinachyra barbata Sollas, 1886	taxon:1199250	NIWA_28877	Cinachyra barbata	Kelly, Michelle	null	null	null	null	null	null	null	null	null	null	null	Eukaryota;Metazoa;Porifera;Demospongiae;Tetractinomorpha;Spirophorida;Tetillidae;Cinachyra	18S ribosomal RNA	NIWA_28877	0.0	NIWA_28877	JX177977.1_f0	51.4267185473	Cinachyra	Cinachyra barbata	null	null	null	null	null	null	null	null	null
JX177950.1	GATTCC...TTCGA	JX177950.1_source	genomic DNA	New Zealand	authority: Cinachyra barbata Sollas, 1886	taxon:1199250	NIWA_28877	Cinachyra barbata	Kelly, Michelle	null	null	null	null	null	null	null	null	null	null	null	Eukaryota;Metazoa;Porifera;Demospongiae;Tetractinomorpha;Spirophorida;Tetillidae;Cinachyra	28S ribosomal RNA	NIWA_28877	0.0	NIWA_28877	JX177950.1_f0	62.2929936306	Cinachyra	Cinachyra barbata	C1-D2 region	null	null	null	null	null	null	null	null
JX177949.1	CCTCAG...TTCGA	JX177949.1_source	genomic DNA	New Zealand	authority: Cinachyra antarctica (Carter, 1872)	taxon:1199249	NIWA_28957	Cinachyra antarctica	Kelly, Michelle	null	null	null	null	null	null	null	null	null	null	null	Eukaryota;Metazoa;Porifera;Demospongiae;Tetractinomorpha;Spirophorida;Tetillidae;Cinachyra	28S ribosomal RNA	NIWA_28957	0.0	NIWA_28957	JX177949.1_f0	62.3076923077	Cinachyra	Cinachyra antarctica	C1-D2 region	null	null	null	null	null	null	null	null
JX177914.1	ACCTTA...ATCTA	JX177914.1_source	genomic DNA	Antarctica	authority: Cinachyra antarctica (Carter, 1872)	taxon:1199249	QMG_311149	Cinachyra antarctica	Hooper, John	mitochondrion	null	null	null	null	null	null	null	null	null	null	Eukaryota;Metazoa;Porifera;Demospongiae;Tetractinomorpha;Spirophorida;Tetillidae;Cinachyra	cytochrome c oxidase subunit I	QMG_311149	0.0	QMG_311149	JX177914.1_f0	38.5620915033	Cinachyra	Cinachyra antarctica	null	0.0	1	4	GI:641542173	TLYLLF...IFGYL	cox1	AFM91896.2	null
JX177868.2	GCTTGC...TATTT	JX177868.2_source	genomic DNA	New Zealand	authority: Cinachyra antarctica (Carter, 1872)	taxon:1199249	NIWA_28951	Cinachyra antarctica	Kelly, Michelle	mitochondrion	null	null	null	null	null	null	null	null	null	null	Eukaryota;Metazoa;Porifera;Demospongiae;Tetractinomorpha;Spirophorida;Tetillidae;Cinachyra	cytochrome c oxidase subunit I	NIWA_28951	0.0	NIWA_28951	JX177868.2_f0	39.173553719	Cinachyra	Cinachyra antarctica	null	0.0	3	4	GI:641542074	LLIRLE...FQHLF	cox1	AFN26016.3	null
JX177867.2	GCTTGC...TATTT	JX177867.2_source	genomic DNA	New Zealand	authority: Cinachyra antarctica (Carter, 1872)	taxon:1199249	NIWA_28957	Cinachyra antarctica	Kelly, Michelle	mitochondrion	null	null	null	null	null	null	null	null	null	null	Eukaryota;Metazoa;Porifera;Demospongiae;Tetractinomorpha;Spirophorida;Tetillidae;Cinachyra	cytochrome c oxidase subunit I	NIWA_28957	0.0	NIWA_28957	JX177867.2_f0	39.173553719	Cinachyra	Cinachyra antarctica	null	0.0	3	4	GI:641542073	LLIRLE...FQHLF	cox1	AFN26015.3	null
JX177864.2	TATCCG...GTTTA	JX177864.2_source	genomic DNA	New Zealand	authority: Cinachyra barbata Sollas, 1886	taxon:1199250	NIWA_28877	Cinachyra barbata	Kelly, Michelle	mitochondrion	null	null	null	null	null	null	null	null	null	null	Eukaryota;Metazoa;Porifera;Demospongiae;Tetractinomorpha;Spirophorida;Tetillidae;Cinachyra	cytochrome c oxidase subunit I	NIWA_28877	0.0	NIWA_28877	JX177864.2_f0	39.1596638655	Cinachyra	Cinachyra barbata	null	0.0	3	4	GI:641542072	SAPGLM...LFPEV	cox1	AFN26012.3	null
AY320032.1	ATGATA...ACTTA	AY320032.1_source	genomic DNA	null	null	taxon:36754	null	Geodia neptuni	null	mitochondrion	null	null	null	null	null	null	null	null	null	null	Eukaryota;Metazoa;Porifera;Demospongiae;Tetractinomorpha;Astrophorida;Geodiidae;Geodia	cytochrome c oxidase subunit 1	null	0.0	Geodia_neptuni	AY320032.1_f0	35.3166986564	null	Geodia neptuni	null	0.0	1	4	GI:37961470	MLYLTR...YKISN	cox1	AAP59167.1	1.9.3.1
AY737635.1	CCTGGT...CTGCA	AY737635.1_source	genomic DNA	null	null	taxon:36754	13-XI-02-2-301 N7	Geodia neptuni	null	null	null	null	null	null	null	null	null	null	null	null	Eukaryota;Metazoa;Porifera;Demospongiae;Tetractinomorpha;Astrophorida;Geodiidae;Geodia	18S ribosomal RNA	13-XI-02-2-301 N7	0.0	Geodia_neptuni	AY737635.1_f0	50.9433962264	null	Geodia neptuni	null	null	null	null	null	null	null	null	null
EF564339.1	AAAGAT...TTTTG	EF564339.1_source	genomic DNA	null	null	taxon:77183	null	Pachymatisma johnstonia	null	mitochondrion	null	null	PC172	null	null	null	null	null	null	null	Eukaryota;Metazoa;Porifera;Demospongiae;Tetractinomorpha;Astrophorida;Geodiidae;Pachymatisma	cytochrome oxidase subunit I	null	0.0	Pachymatisma_johnstonia	EF564339.1_f0	35.6406480118	null	Pachymatisma johnstonia	null	0.0	1	4	GI:157062481	KDIGTL...LFWFF	COI	ABV03846.1	null
HM592832.1	AGCNAC...CCAGC	HM592832.1_source	genomic DNA	Portugal	null	taxon:77183	ZMA:POR 21442	Pachymatisma johnstonia	Joana Xavier	null	Joana Xavier	18-Sep-2005	null	null	null	null	null	null	null	null	Eukaryota;Metazoa;Porifera;Demospongiae;Tetractinomorpha;Astrophorida;Geodiidae;Pachymatisma	28S large subunit ribosomal RNA	ZMA:POR 21442	0.0025706940874	Pachymatisma_johnstonia	HM592832.1_f0	66.8380462725	null	Pachymatisma johnstonia	C1-D2 domains	null	null	null	null	null	null	null	null
EU442194.1	GACCTT...TATTC	EU442194.1_source	genomic DNA	null	null	taxon:519541	ZMBN 77922	Geodia barretti	null	mitochondrion	null	null	null	null	null	null	null	null	null	null	Eukaryota;Metazoa;Porifera;Demospongiae;Tetractinomorpha;Astrophorida;Geodiidae;Geodia	cytochrome oxidase subunit I	ZMBN 77922	0.0	ZMBN 77922	EU442194.1_f0	37.2340425532	null	Geodia barretti	null	0.0	2	4	GI:184186394	TLYLLF...FQHLF	COI	ACC68987.1	null
HM592705.1	AACTTT...TATTC	HM592705.1_source	genomic DNA	Italy: Southern Italy	null	taxon:1006834	MNHN:Porifera, unaccessioned	Calthropella geodioides	Paco Cardenas	mitochondrion	Julie Reveillaud	2007	null	null	null	null	null	null	null	null	Eukaryota;Metazoa;Porifera;Demospongiae;Tetractinomorpha;Astrophorida;Calthropellidae;Calthropella	cytochrome c oxidase subunit I	MNHN:Porifera, unaccessioned	0.0	Calthropella_geodioides	HM592705.1_f0	34.8024316109	null	Calthropella geodioides	null	0.0	2	4	GI:329124385	TLYLLF...FQHLF	COI	AEB72070.1	null
HM592826.1	ATCAAT...TTCGA	HM592826.1_source	genomic DNA	Italy: southern Italy	null	taxon:1006834	MNHN:Porifera, unaccessioned	Calthropella geodioides	Paco Cardenas	null	Julie Reveillaud	2007	null	null	null	null	null	null	null	null	Eukaryota;Metazoa;Porifera;Demospongiae;Tetractinomorpha;Astrophorida;Calthropellidae;Calthropella	28S large subunit ribosomal RNA	MNHN:Porifera, unaccessioned	0.0	Calthropella_geodioides	HM592826.1_f0	64.3296432964	null	Calthropella geodioides	C1-D2 domains	null	null	null	null	null	null	null	null
HM592717.1	GACTTT...TATTC	HM592717.1_source	genomic DNA	Norway	null	taxon:1006813	ZMBN:85230	Thenea levis	Paco Cardenas	mitochondrion	null	Nov-2008	null	null	null	null	null	null	null	null	Eukaryota;Metazoa;Porifera;Demospongiae;Tetractinomorpha;Astrophorida;Theneidae;Thenea	cytochrome c oxidase subunit I	ZMBN:85230	0.0	Thenea_levis	HM592717.1_f0	39.6656534954	null	Thenea levis	null	0.0	2	4	GI:329124409	TLYLLF...FQHLF	COI	AEB72082.1	null
HM592765.1	ATCAAT...TTCGA	HM592765.1_source	genomic DNA	Norway	null	taxon:1006813	ZMBN:85230	Thenea levis	Paco Cardenas	null	null	Nov-2008	null	null	null	null	null	null	null	null	Eukaryota;Metazoa;Porifera;Demospongiae;Tetractinomorpha;Astrophorida;Theneidae;Thenea	28S large subunit ribosomal RNA	ZMBN:85230	0.00123001230012	Thenea_levis	HM592765.1_f0	64.4526445264	null	Thenea levis	C1-D2 domains	null	null	null	null	null	null	null	null
HM592745.1	GACCTT...TATTC	HM592745.1_source	genomic DNA	Egypt	null	taxon:37505	ZMA:POR 16637	Theonella swinhoei	Rob van Soest	mitochondrion	D. Youssef	2001	null	null	null	null	null	null	null	null	Eukaryota;Metazoa;Porifera;Demospongiae;Tetractinomorpha;Lithistida;Triaenosina;Theonellidae;Theonella	cytochrome c oxidase subunit I	ZMA:POR 16637	0.00151975683891	Theonella_swinhoei	HM592745.1_f0	37.0820668693	null	Theonella swinhoei	null	0.00456621004566	2	4	GI:329124465	TLYLLF...FQXLF	COI	AEB72110.1	null
HM592820.1	ATCAAT...TTCGA	HM592820.1_source	genomic DNA	Egypt	null	taxon:37505	ZMA:POR 16637	Theonella swinhoei	Rob van Soest	null	D. Youssef	2001	null	null	null	null	null	null	null	null	Eukaryota;Metazoa;Porifera;Demospongiae;Tetractinomorpha;Lithistida;Triaenosina;Theonellidae;Theonella	28S large subunit ribosomal RNA	ZMA:POR 16637	0.0	Theonella_swinhoei	HM592820.1_f0	63.8957816377	null	Theonella swinhoei	C1-D2 domains	null	null	null	null	null	null	null	null
AY348878.1	TCTAAG...AACAA	AY348878.1_source	genomic DNA	null	null	taxon:6047	null	Geodia cydonium	null	null	null	null	null	null	null	null	null	null	null	null	Eukaryota;Metazoa;Porifera;Demospongiae;Tetractinomorpha;Astrophorida;Geodiidae;Geodia	18S ribosomal RNA	null	0.000580720092915	null	AY348878.1_f0	50.8710801394	null	Geodia cydonium	null	null	null	null	null	null	null	null	null
denovo0	atGATA...ACAAC	denovo0_source	null	null	null	null	null	null	null	null	null	null	null	null	null	null	null	null	NIWA2850	Craniella microsigma cox1	['null']	null	null	0.0	null	denovo0_f0	39.1380826737	Craniella	Craniella microsigma	null	0.0	1	4	null	MIGTGF...GYCYN	cox1	null	null
